ID,Marital Status,Gender,Income,Children,Education,Occupation,Home Owner,Cars,Commute Distance,Region,Age,Purchased Bike,Income Level
12496,Married,Female,40000,1,Bachelors,Skilled Manual,Yes,0,0-1 Miles,Europe,42,No,Lower
24107,Married,Male,30000,3,Partial College,Clerical,Yes,1,0-1 Miles,Europe,43,No,Lower
14177,Married,Male,80000,5,Partial College,Professional,No,2,2-5 Miles,Europe,60,No,Middle
25597,Single,Male,30000,0,Bachelors,Clerical,No,0,0-1 Miles,Europe,36,Yes,Lower
13507,Married,Female,10000,2,Partial College,Manual,Yes,0,1-2 Miles,Europe,50,No,Lower
19364,Married,Male,40000,1,Bachelors,Skilled Manual,Yes,0,0-1 Miles,Europe,43,Yes,Lower
22173,Married,Female,30000,3,High School,Skilled Manual,No,2,1-2 Miles,Pacific,54,Yes,Lower
12697,Single,Female,90000,0,Bachelors,Professional,No,4,10+ Miles,Pacific,36,No,Middle
25323,Married,Male,40000,2,Partial College,Clerical,Yes,1,1-2 Miles,Europe,35,Yes,Lower
23542,Single,Male,60000,1,Partial College,Skilled Manual,No,1,0-1 Miles,Pacific,45,Yes,Middle
20870,Single,Female,10000,2,High School,Manual,Yes,1,0-1 Miles,Europe,38,Yes,Lower
23316,Single,Male,30000,3,Partial College,Clerical,No,2,1-2 Miles,Pacific,59,Yes,Lower
12610,Married,Female,30000,1,Bachelors,Clerical,Yes,0,0-1 Miles,Europe,47,No,Lower
27183,Single,Male,40000,2,Partial College,Clerical,Yes,1,1-2 Miles,Europe,35,Yes,Lower
25940,Single,Male,20000,2,Partial High School,Clerical,Yes,2,5-10 Miles,Pacific,55,Yes,Lower
25598,Married,Female,40000,0,Graduate Degree,Clerical,Yes,0,0-1 Miles,Europe,36,Yes,Lower
21564,Single,Female,80000,0,Bachelors,Professional,Yes,4,10+ Miles,Pacific,35,No,Middle
19193,Single,Male,40000,2,Partial College,Clerical,Yes,0,1-2 Miles,Europe,35,Yes,Lower
26412,Married,Female,80000,5,High School,Management,No,3,5-10 Miles,Europe,56,No,Middle
27184,Single,Male,40000,2,Partial College,Clerical,No,1,0-1 Miles,Europe,34,No,Lower
12590,Single,Male,30000,1,Bachelors,Clerical,Yes,0,0-1 Miles,Europe,63,No,Lower
17841,Single,Male,30000,0,Partial College,Clerical,No,1,0-1 Miles,Europe,29,Yes,Lower
18299,Married,Male,70000,5,Partial College,Skilled Manual,Yes,2,5-10 Miles,Pacific,44,No,Middle
16466,Single,Female,20000,0,Partial High School,Manual,No,2,0-1 Miles,Europe,32,Yes,Lower
19273,Married,Female,20000,2,Partial College,Manual,Yes,0,0-1 Miles,Europe,63,No,Lower
22400,Married,Male,10000,0,Partial College,Manual,No,1,0-1 Miles,Pacific,26,Yes,Lower
20942,Single,Female,20000,0,High School,Manual,No,1,5-10 Miles,Europe,31,No,Lower
18484,Single,Male,80000,2,High School,Skilled Manual,No,2,1-2 Miles,Pacific,50,Yes,Middle
12291,Single,Male,90000,5,Partial College,Professional,No,2,2-5 Miles,Europe,62,Yes,Middle
28380,Single,Female,10000,5,Partial High School,Manual,No,2,0-1 Miles,Europe,41,No,Lower
17891,Married,Female,10000,2,Partial College,Manual,Yes,1,0-1 Miles,Europe,50,Yes,Lower
27832,Single,Female,30000,0,Partial College,Clerical,No,1,2-5 Miles,Europe,30,No,Lower
26863,Single,Male,20000,0,High School,Manual,No,1,2-5 Miles,Europe,28,No,Lower
16259,Single,Female,10000,4,Partial High School,Manual,Yes,2,0-1 Miles,Europe,40,Yes,Lower
27803,Single,Female,30000,2,Partial College,Clerical,No,0,0-1 Miles,Europe,43,No,Lower
14347,Single,Female,40000,2,Bachelors,Management,Yes,2,5-10 Miles,Pacific,65,Yes,Lower
17703,Married,Female,10000,1,Graduate Degree,Manual,Yes,0,0-1 Miles,Europe,40,No,Lower
17185,Married,Female,170000,4,Partial College,Professional,No,3,5-10 Miles,Europe,48,Yes,Upper
29380,Married,Female,20000,3,High School,Manual,Yes,0,0-1 Miles,Europe,41,Yes,Lower
23986,Married,Female,20000,1,Bachelors,Clerical,Yes,0,0-1 Miles,Europe,66,Yes,Lower
24466,Married,Female,60000,1,Partial College,Skilled Manual,Yes,1,5-10 Miles,Pacific,46,Yes,Middle
29097,Single,Female,40000,2,Partial College,Skilled Manual,Yes,2,5-10 Miles,Pacific,52,Yes,Lower
19487,Married,Male,30000,2,Partial College,Clerical,No,2,0-1 Miles,Europe,42,No,Lower
13826,Single,Female,30000,0,Partial College,Clerical,No,1,0-1 Miles,Europe,28,No,Lower
20619,Single,Male,80000,0,Bachelors,Professional,No,4,10+ Miles,Pacific,35,No,Middle
12558,Married,Female,20000,1,Bachelors,Clerical,Yes,0,0-1 Miles,Europe,65,No,Lower
24871,Single,Female,90000,4,High School,Management,No,3,5-10 Miles,Europe,56,No,Middle
17319,Single,Female,70000,0,Bachelors,Professional,No,1,5-10 Miles,Pacific,42,No,Middle
28906,Married,Male,80000,4,High School,Professional,Yes,2,10+ Miles,Europe,54,No,Middle
12808,Married,Male,40000,0,Bachelors,Clerical,Yes,0,0-1 Miles,Europe,38,Yes,Lower
20567,Married,Male,130000,4,Partial College,Professional,No,4,5-10 Miles,Europe,61,Yes,Upper
25502,Married,Female,40000,1,Bachelors,Skilled Manual,Yes,0,0-1 Miles,Europe,43,Yes,Lower
15580,Married,Male,60000,2,Bachelors,Professional,Yes,1,2-5 Miles,Pacific,38,Yes,Middle
24185,Single,Female,10000,1,High School,Manual,No,1,1-2 Miles,Europe,45,No,Lower
19291,Single,Female,10000,2,High School,Manual,Yes,0,0-1 Miles,Europe,35,No,Lower
16713,Married,Male,40000,2,Bachelors,Management,Yes,1,0-1 Miles,Pacific,52,Yes,Lower
16185,Single,Male,60000,4,Bachelors,Professional,Yes,3,10+ Miles,Pacific,41,No,Middle
14927,Married,Female,30000,1,Bachelors,Clerical,Yes,0,0-1 Miles,Europe,37,Yes,Lower
29337,Single,Male,30000,2,Partial College,Clerical,Yes,2,5-10 Miles,Pacific,68,No,Lower
29355,Married,Female,40000,0,Graduate Degree,Clerical,Yes,0,0-1 Miles,Europe,37,Yes,Lower
25303,Single,Male,30000,0,High School,Manual,Yes,1,2-5 Miles,Europe,33,Yes,Lower
14813,Single,Female,20000,4,High School,Manual,Yes,1,0-1 Miles,Europe,43,Yes,Lower
16438,Married,Female,10000,0,Partial High School,Manual,No,2,0-1 Miles,Europe,30,No,Lower
14238,Married,Male,120000,0,Partial High School,Professional,Yes,4,10+ Miles,Pacific,36,Yes,Upper
16200,Single,Female,10000,0,Partial High School,Manual,No,2,0-1 Miles,Europe,35,No,Lower
24857,Married,Female,130000,3,High School,Professional,Yes,4,0-1 Miles,Europe,52,No,Upper
26956,Single,Female,20000,0,Partial College,Manual,No,1,2-5 Miles,Europe,36,Yes,Lower
14517,Married,Female,20000,3,High School,Skilled Manual,No,2,1-2 Miles,Pacific,62,No,Lower
12678,Single,Female,130000,4,High School,Management,Yes,4,0-1 Miles,Pacific,31,No,Upper
16188,Single,Female,20000,0,Partial High School,Manual,No,2,1-2 Miles,Europe,26,No,Lower
27969,Married,Male,80000,0,Bachelors,Professional,Yes,2,10+ Miles,Pacific,29,Yes,Middle
15752,Married,Male,80000,2,High School,Skilled Manual,No,2,1-2 Miles,Pacific,50,Yes,Middle
27745,Single,Male,40000,2,Bachelors,Management,Yes,2,5-10 Miles,Pacific,63,Yes,Lower
20828,Married,Female,30000,4,Graduate Degree,Clerical,Yes,0,0-1 Miles,Europe,45,Yes,Lower
19461,Single,Female,10000,4,Partial High School,Manual,Yes,2,0-1 Miles,Europe,40,No,Lower
26941,Married,Male,30000,0,Bachelors,Clerical,Yes,0,0-1 Miles,Europe,47,Yes,Lower
28412,Single,Male,20000,0,High School,Manual,No,1,2-5 Miles,Europe,29,No,Lower
24485,Single,Male,40000,2,Bachelors,Management,No,1,5-10 Miles,Pacific,52,Yes,Lower
16514,Single,Male,10000,0,Partial College,Manual,Yes,1,1-2 Miles,Pacific,26,Yes,Lower
17191,Single,Male,130000,3,Partial College,Professional,No,3,0-1 Miles,Europe,51,Yes,Upper
19608,Married,Male,80000,5,Bachelors,Professional,Yes,4,1-2 Miles,Pacific,40,No,Middle
24119,Single,Male,30000,0,Partial College,Clerical,No,1,2-5 Miles,Europe,29,No,Lower
25458,Married,Male,20000,1,High School,Manual,No,1,1-2 Miles,Europe,40,Yes,Lower
26886,Single,Female,30000,0,Partial College,Clerical,No,1,0-1 Miles,Europe,29,Yes,Lower
28436,Single,Male,30000,0,Partial College,Clerical,No,1,0-1 Miles,Europe,30,Yes,Lower
19562,Single,Female,60000,2,Bachelors,Professional,Yes,1,2-5 Miles,Pacific,37,Yes,Middle
15608,Single,Female,30000,0,Partial College,Clerical,No,1,2-5 Miles,Europe,33,No,Lower
16487,Single,Female,30000,3,High School,Skilled Manual,Yes,2,5-10 Miles,Pacific,55,No,Lower
17197,Single,Female,90000,5,Partial College,Professional,Yes,2,10+ Miles,Europe,62,No,Middle
12507,Married,Male,30000,1,Partial College,Clerical,Yes,1,0-1 Miles,Europe,43,No,Lower
23940,Married,Male,40000,1,Bachelors,Skilled Manual,Yes,1,0-1 Miles,Europe,44,Yes,Lower
26852,Married,Female,20000,3,High School,Manual,Yes,2,0-1 Miles,Europe,43,No,Lower
12274,Single,Male,10000,2,High School,Manual,Yes,0,0-1 Miles,Europe,35,No,Lower
20236,Single,Male,60000,3,Bachelors,Professional,No,2,0-1 Miles,Pacific,43,Yes,Middle
24149,Married,Male,10000,2,Partial College,Manual,Yes,0,1-2 Miles,Europe,49,No,Lower
26139,Single,Male,60000,1,Partial College,Skilled Manual,Yes,1,5-10 Miles,Pacific,45,No,Middle
18491,Single,Female,70000,2,High School,Professional,Yes,2,5-10 Miles,Pacific,49,Yes,Middle
22707,Single,Female,30000,0,Partial College,Clerical,No,1,2-5 Miles,Europe,30,No,Lower
20430,Married,Male,70000,2,Partial College,Skilled Manual,Yes,2,5-10 Miles,Pacific,52,Yes,Middle
27494,Single,Female,40000,2,Partial College,Skilled Manual,No,2,1-2 Miles,Pacific,53,Yes,Lower
26829,Married,Female,40000,0,Bachelors,Clerical,Yes,0,0-1 Miles,Europe,38,Yes,Lower
28395,Single,Male,40000,0,Bachelors,Professional,No,0,0-1 Miles,Europe,39,Yes,Lower
14682,Single,Female,70000,0,Bachelors,Professional,No,1,5-10 Miles,Pacific,38,No,Middle
17650,Single,Female,40000,2,Partial College,Clerical,Yes,2,1-2 Miles,Europe,35,No,Lower
29191,Single,Female,130000,1,Graduate Degree,Management,No,1,0-1 Miles,Pacific,36,Yes,Upper
15030,Married,Male,20000,0,Bachelors,Clerical,Yes,0,0-1 Miles,Pacific,26,Yes,Lower
24140,Single,Male,10000,0,Graduate Degree,Manual,No,0,0-1 Miles,Europe,30,Yes,Lower
22496,Married,Female,30000,1,Bachelors,Skilled Manual,Yes,2,0-1 Miles,Europe,42,No,Lower
19914,Married,Male,80000,5,Bachelors,Management,Yes,2,2-5 Miles,Europe,62,No,Middle
12871,Single,Female,30000,0,Partial College,Clerical,No,1,2-5 Miles,Europe,29,No,Lower
22988,Married,Female,40000,2,Bachelors,Management,Yes,2,5-10 Miles,Pacific,66,Yes,Lower
15922,Married,Male,150000,2,High School,Professional,Yes,4,0-1 Miles,Europe,48,No,Upper
12344,Single,Female,80000,0,Bachelors,Professional,No,3,10+ Miles,Pacific,31,No,Middle
23627,Single,Female,100000,3,Partial College,Management,No,4,5-10 Miles,Europe,56,No,Upper
27775,Single,Female,40000,0,Bachelors,Clerical,No,0,0-1 Miles,Europe,38,Yes,Lower
29301,Married,Male,80000,5,Bachelors,Professional,Yes,4,1-2 Miles,Pacific,40,No,Middle
12716,Single,Male,30000,0,Partial College,Clerical,Yes,1,2-5 Miles,Europe,32,No,Lower
12472,Married,Male,30000,1,Bachelors,Clerical,Yes,1,2-5 Miles,Europe,39,No,Lower
20970,Single,Male,10000,2,Partial College,Manual,Yes,1,0-1 Miles,Europe,52,Yes,Lower
26818,Single,Male,10000,3,High School,Manual,Yes,1,0-1 Miles,Europe,39,Yes,Lower
12993,Married,Male,60000,2,Bachelors,Professional,Yes,1,2-5 Miles,Pacific,37,No,Middle
14192,Married,Male,90000,4,High School,Management,Yes,3,5-10 Miles,Europe,56,Yes,Middle
19477,Married,Male,40000,0,Bachelors,Professional,Yes,0,0-1 Miles,Europe,40,Yes,Lower
26796,Single,Male,40000,2,Bachelors,Management,Yes,2,5-10 Miles,Pacific,65,Yes,Lower
21094,Single,Female,30000,2,Partial College,Clerical,Yes,2,0-1 Miles,Europe,42,No,Lower
12234,Married,Male,10000,2,Partial College,Manual,Yes,1,2-5 Miles,Europe,52,No,Lower
28683,Single,Female,10000,1,High School,Manual,No,1,5-10 Miles,Europe,35,Yes,Lower
17994,Single,Male,20000,2,High School,Manual,Yes,2,0-1 Miles,Europe,42,No,Lower
24273,Married,Female,20000,2,Partial High School,Clerical,Yes,2,5-10 Miles,Pacific,55,Yes,Lower
26547,Single,Female,30000,2,Partial College,Clerical,No,2,5-10 Miles,Pacific,60,Yes,Lower
22500,Single,Male,40000,0,Bachelors,Professional,No,0,0-1 Miles,Europe,40,Yes,Lower
23993,Single,Female,10000,0,Partial College,Manual,No,1,0-1 Miles,Pacific,26,Yes,Lower
14832,Married,Male,40000,1,Bachelors,Skilled Manual,Yes,0,0-1 Miles,Europe,42,Yes,Lower
16614,Married,Female,80000,0,Bachelors,Professional,Yes,3,10+ Miles,Pacific,32,No,Middle
20877,Single,Male,30000,1,Bachelors,Clerical,Yes,0,1-2 Miles,Europe,37,Yes,Lower
20729,Married,Female,40000,2,Partial College,Clerical,No,1,0-1 Miles,Europe,34,No,Lower
22464,Married,Male,40000,0,Graduate Degree,Clerical,Yes,0,0-1 Miles,Europe,37,Yes,Lower
19475,Married,Female,40000,0,Bachelors,Professional,No,0,0-1 Miles,Europe,40,Yes,Lower
19675,Married,Male,20000,4,High School,Skilled Manual,Yes,2,5-10 Miles,Pacific,60,No,Lower
12728,Single,Male,30000,0,Partial College,Clerical,No,1,1-2 Miles,Europe,27,No,Lower
29117,Single,Male,100000,1,Bachelors,Management,No,3,0-1 Miles,Pacific,48,No,Upper
17845,Single,Female,20000,0,Partial High School,Manual,No,2,1-2 Miles,Europe,32,No,Lower
25058,Married,Male,100000,1,Bachelors,Management,Yes,3,2-5 Miles,Pacific,47,No,Upper
14798,Single,Female,10000,4,Partial High School,Manual,Yes,2,0-1 Miles,Europe,41,Yes,Lower
12664,Married,Female,130000,5,Partial College,Professional,Yes,4,0-1 Miles,Europe,59,No,Upper
23979,Single,Male,10000,2,Partial College,Manual,No,0,0-1 Miles,Europe,50,No,Lower
25605,Single,Female,20000,2,Partial College,Manual,No,1,0-1 Miles,Europe,54,Yes,Lower
20797,Married,Female,10000,1,Bachelors,Manual,Yes,0,0-1 Miles,Europe,48,No,Lower
21980,Single,Female,60000,1,Bachelors,Professional,Yes,1,5-10 Miles,Pacific,44,Yes,Middle
25460,Married,Female,20000,2,High School,Manual,Yes,0,0-1 Miles,Europe,40,Yes,Lower
29181,Single,Female,60000,2,Bachelors,Professional,No,1,0-1 Miles,Pacific,38,Yes,Middle
24279,Single,Male,40000,2,Partial College,Skilled Manual,No,2,1-2 Miles,Pacific,52,No,Lower
22402,Married,Male,10000,0,Partial College,Manual,Yes,1,2-5 Miles,Pacific,25,Yes,Lower
15465,Married,Female,10000,0,Partial College,Manual,No,1,0-1 Miles,Pacific,25,No,Lower
26757,Single,Male,90000,1,Bachelors,Professional,Yes,1,2-5 Miles,Pacific,47,Yes,Middle
14233,Single,Male,100000,0,High School,Management,Yes,3,10+ Miles,Pacific,35,No,Upper
14058,Single,Male,70000,0,Bachelors,Professional,No,1,5-10 Miles,Pacific,41,Yes,Middle
12273,Married,Male,30000,1,Bachelors,Clerical,Yes,0,0-1 Miles,Europe,47,No,Lower
17203,Married,Female,130000,4,Partial College,Professional,Yes,4,5-10 Miles,Europe,61,Yes,Upper
18144,Married,Female,80000,5,Bachelors,Management,Yes,2,2-5 Miles,Europe,61,No,Middle
23963,Married,Male,10000,0,Partial High School,Manual,No,2,0-1 Miles,Europe,33,No,Lower
17907,Married,Female,10000,0,Partial College,Manual,Yes,1,2-5 Miles,Pacific,27,No,Lower
19442,Single,Male,50000,0,Graduate Degree,Skilled Manual,Yes,0,0-1 Miles,Europe,37,Yes,Middle
17504,Single,Female,80000,2,Partial College,Skilled Manual,Yes,2,5-10 Miles,Pacific,52,Yes,Middle
12253,Single,Female,20000,0,Partial College,Manual,Yes,0,0-1 Miles,Pacific,29,Yes,Lower
27304,Single,Female,110000,2,Partial College,Professional,No,3,5-10 Miles,Europe,48,No,Upper
14191,Married,Male,160000,4,Partial College,Professional,No,2,10+ Miles,Europe,55,Yes,Upper
12212,Married,Female,10000,0,Graduate Degree,Manual,Yes,0,0-1 Miles,Europe,37,Yes,Lower
25529,Single,Male,10000,1,Graduate Degree,Manual,Yes,0,0-1 Miles,Europe,44,No,Lower
22170,Married,Female,30000,3,Partial College,Clerical,No,2,1-2 Miles,Pacific,55,Yes,Lower
19445,Married,Female,10000,2,High School,Manual,No,1,0-1 Miles,Europe,38,No,Lower
15265,Single,Male,40000,2,Bachelors,Management,Yes,2,5-10 Miles,Pacific,66,Yes,Lower
28918,Married,Female,130000,4,High School,Management,No,4,10+ Miles,Europe,58,No,Upper
15799,Married,Female,90000,1,Bachelors,Professional,Yes,1,2-5 Miles,Pacific,47,Yes,Middle
11047,Married,Female,30000,3,High School,Skilled Manual,No,2,1-2 Miles,Pacific,56,Yes,Lower
18151,Single,Male,80000,5,Partial College,Professional,No,2,10+ Miles,Europe,59,No,Middle
20606,Married,Female,70000,0,Bachelors,Professional,Yes,4,10+ Miles,Pacific,32,Yes,Middle
19482,Married,Male,30000,1,Partial College,Clerical,Yes,1,0-1 Miles,Europe,44,Yes,Lower
16489,Married,Male,30000,3,High School,Skilled Manual,Yes,2,5-10 Miles,Pacific,55,No,Lower
15682,Single,Female,80000,5,Bachelors,Management,Yes,2,10+ Miles,Europe,62,No,Middle
26032,Married,Female,70000,5,Bachelors,Professional,Yes,4,10+ Miles,Pacific,41,No,Middle
17843,Single,Female,10000,0,Partial High School,Manual,No,2,0-1 Miles,Europe,32,No,Lower
25559,Single,Male,20000,0,Bachelors,Clerical,Yes,0,0-1 Miles,Pacific,25,Yes,Lower
11147,Married,Male,60000,2,Graduate Degree,Management,Yes,1,0-1 Miles,Pacific,67,Yes,Middle
15214,Single,Female,100000,0,Graduate Degree,Management,No,1,1-2 Miles,Pacific,39,Yes,Upper
11453,Single,Male,80000,0,Bachelors,Professional,No,3,10+ Miles,Pacific,33,Yes,Middle
24584,Single,Male,60000,0,Bachelors,Professional,No,3,2-5 Miles,Pacific,31,No,Middle
12585,Married,Male,10000,1,High School,Manual,Yes,0,2-5 Miles,Pacific,27,Yes,Lower
29298,Single,Female,60000,1,Partial College,Skilled Manual,Yes,1,5-10 Miles,Pacific,46,Yes,Middle
24842,Single,Female,90000,3,High School,Professional,No,1,2-5 Miles,Europe,51,No,Middle
15657,Married,Male,30000,3,Graduate Degree,Clerical,Yes,0,0-1 Miles,Europe,46,Yes,Lower
11415,Single,Male,90000,5,Partial College,Professional,No,2,10+ Miles,Europe,62,No,Middle
28729,Single,Female,20000,0,Partial High School,Manual,Yes,2,1-2 Miles,Europe,26,Yes,Lower
22633,Single,Female,40000,0,Graduate Degree,Clerical,Yes,0,0-1 Miles,Europe,37,Yes,Lower
25649,Single,Female,30000,3,Partial College,Clerical,Yes,0,0-1 Miles,Europe,42,Yes,Lower
14669,Married,Female,80000,4,Graduate Degree,Management,Yes,1,0-1 Miles,Pacific,36,No,Middle
19299,Married,Female,50000,0,Graduate Degree,Skilled Manual,Yes,0,0-1 Miles,Europe,36,Yes,Middle
20946,Single,Female,30000,0,Partial College,Clerical,No,1,2-5 Miles,Europe,30,No,Lower
11451,Single,Male,70000,0,Bachelors,Professional,No,4,10+ Miles,Pacific,31,Yes,Middle
25553,Married,Male,30000,1,Bachelors,Clerical,Yes,0,0-1 Miles,Europe,65,Yes,Lower
27951,Single,Male,80000,4,Partial College,Professional,No,2,2-5 Miles,Europe,54,Yes,Middle
25026,Married,Male,20000,2,Partial High School,Clerical,Yes,3,5-10 Miles,Pacific,54,No,Lower
16043,Single,Male,10000,1,Bachelors,Manual,Yes,0,0-1 Miles,Europe,48,No,Lower
22399,Single,Male,10000,0,Partial College,Manual,Yes,1,1-2 Miles,Pacific,26,Yes,Lower
27696,Married,Male,60000,1,Bachelors,Professional,Yes,1,5-10 Miles,Pacific,43,Yes,Middle
25313,Single,Male,10000,0,Partial High School,Manual,No,2,1-2 Miles,Europe,35,No,Lower
13813,Married,Female,30000,3,Partial College,Clerical,No,0,0-1 Miles,Europe,42,No,Lower
18711,Single,Female,70000,5,Bachelors,Professional,Yes,4,10+ Miles,Pacific,39,No,Middle
19650,Married,Female,30000,2,Partial College,Clerical,No,2,0-1 Miles,Pacific,67,No,Lower
12833,Single,Female,20000,3,High School,Manual,Yes,1,0-1 Miles,Europe,42,Yes,Lower
26849,Married,Male,10000,3,Partial High School,Manual,Yes,2,0-1 Miles,Europe,43,No,Lower
20962,Married,Female,20000,1,Graduate Degree,Clerical,Yes,0,0-1 Miles,Europe,45,No,Lower
28915,Single,Male,80000,5,High School,Management,Yes,3,10+ Miles,Europe,57,No,Middle
22830,Married,Male,120000,4,Partial College,Management,Yes,3,10+ Miles,Europe,56,No,Upper
14777,Married,Female,40000,0,Bachelors,Clerical,Yes,0,0-1 Miles,Europe,38,Yes,Lower
12591,Married,Female,30000,4,Graduate Degree,Clerical,Yes,0,0-1 Miles,Europe,45,No,Lower
24174,Married,Male,20000,0,Bachelors,Clerical,Yes,0,0-1 Miles,Pacific,27,Yes,Lower
11340,Married,Female,10000,1,Graduate Degree,Clerical,Yes,0,0-1 Miles,Europe,70,Yes,Lower
25693,Single,Female,30000,5,Graduate Degree,Clerical,Yes,0,0-1 Miles,Europe,44,Yes,Lower
25555,Married,Female,10000,0,Partial College,Manual,No,1,0-1 Miles,Pacific,26,Yes,Lower
22006,Married,Male,70000,5,Partial College,Skilled Manual,Yes,3,5-10 Miles,Pacific,46,No,Middle
20060,Single,Female,30000,0,High School,Manual,No,1,2-5 Miles,Europe,34,Yes,Lower
17702,Married,Male,10000,1,Graduate Degree,Manual,Yes,0,0-1 Miles,Europe,37,No,Lower
12503,Single,Female,30000,3,Partial College,Clerical,Yes,2,0-1 Miles,Europe,27,No,Lower
23908,Single,Male,30000,1,Bachelors,Clerical,No,1,0-1 Miles,Europe,39,Yes,Lower
22527,Single,Female,20000,0,High School,Manual,No,1,2-5 Miles,Europe,29,No,Lower
19057,Married,Female,120000,3,Bachelors,Management,No,2,10+ Miles,Europe,52,Yes,Upper
18494,Married,Male,110000,5,Bachelors,Management,Yes,4,2-5 Miles,Pacific,48,Yes,Upper
11249,Married,Female,130000,3,Partial College,Professional,Yes,3,0-1 Miles,Europe,51,Yes,Upper
21568,Married,Female,100000,0,High School,Management,Yes,4,10+ Miles,Pacific,34,Yes,Upper
13981,Married,Female,10000,5,High School,Skilled Manual,No,3,1-2 Miles,Pacific,62,No,Lower
23432,Single,Male,70000,0,Bachelors,Professional,Yes,1,5-10 Miles,Pacific,37,Yes,Middle
22931,Married,Male,100000,5,Graduate Degree,Management,No,1,1-2 Miles,Pacific,78,Yes,Upper
18172,Married,Male,130000,4,High School,Professional,Yes,3,0-1 Miles,Europe,55,No,Upper
12666,Single,Male,60000,0,Bachelors,Professional,No,4,2-5 Miles,Pacific,31,No,Middle
20598,Married,Male,100000,3,Partial High School,Professional,Yes,0,10+ Miles,Europe,59,Yes,Upper
21375,Single,Male,20000,2,Partial High School,Clerical,Yes,2,5-10 Miles,Pacific,57,No,Lower
20839,Single,Female,30000,3,Graduate Degree,Clerical,Yes,0,0-1 Miles,Europe,47,Yes,Lower
21738,Married,Male,20000,1,Graduate Degree,Clerical,Yes,0,0-1 Miles,Europe,43,No,Lower
14164,Single,Female,50000,0,Graduate Degree,Skilled Manual,Yes,0,0-1 Miles,Europe,36,Yes,Middle
14193,Single,Female,100000,3,Partial College,Management,Yes,4,10+ Miles,Europe,56,No,Upper
12705,Married,Male,150000,0,Bachelors,Management,Yes,4,0-1 Miles,Pacific,37,Yes,Upper
22672,Single,Female,30000,2,Partial College,Clerical,Yes,0,0-1 Miles,Europe,43,No,Lower
26219,Married,Female,40000,1,Bachelors,Skilled Manual,Yes,1,1-2 Miles,Europe,33,Yes,Lower
28468,Married,Female,10000,2,Partial College,Manual,Yes,0,1-2 Miles,Europe,51,No,Lower
23419,Single,Female,70000,5,Bachelors,Professional,Yes,3,10+ Miles,Pacific,39,No,Middle
17964,Married,Male,40000,0,Graduate Degree,Clerical,Yes,0,0-1 Miles,Europe,37,Yes,Lower
20919,Single,Female,30000,2,Partial College,Clerical,Yes,2,0-1 Miles,Europe,42,No,Lower
20927,Single,Female,20000,5,High School,Manual,Yes,2,0-1 Miles,Europe,27,No,Lower
13133,Single,Male,100000,5,Bachelors,Professional,Yes,1,5-10 Miles,Pacific,47,Yes,Upper
19626,Married,Male,70000,5,Partial College,Skilled Manual,Yes,3,5-10 Miles,Pacific,45,No,Middle
21039,Single,Female,50000,0,Graduate Degree,Skilled Manual,No,0,0-1 Miles,Europe,37,Yes,Middle
12231,Single,Female,10000,2,Partial College,Manual,Yes,0,0-1 Miles,Europe,51,Yes,Lower
25665,Single,Female,20000,0,High School,Manual,No,1,1-2 Miles,Europe,28,No,Lower
24061,Married,Male,10000,4,Partial High School,Manual,Yes,1,0-1 Miles,Europe,40,Yes,Lower
26879,Single,Female,20000,0,High School,Manual,No,1,2-5 Miles,Europe,30,No,Lower
12284,Married,Female,30000,0,Bachelors,Clerical,No,0,0-1 Miles,Europe,36,Yes,Lower
26654,Married,Female,90000,1,Graduate Degree,Management,Yes,0,0-1 Miles,Pacific,37,Yes,Middle
14545,Married,Female,10000,2,Partial College,Manual,Yes,0,1-2 Miles,Europe,49,No,Lower
24201,Married,Female,10000,2,High School,Manual,Yes,0,0-1 Miles,Europe,37,Yes,Lower
20625,Married,Male,100000,0,High School,Management,Yes,3,10+ Miles,Pacific,35,Yes,Upper
16390,Single,Male,30000,1,Bachelors,Clerical,No,0,0-1 Miles,Europe,38,Yes,Lower
14804,Single,Female,10000,3,Partial High School,Manual,Yes,2,0-1 Miles,Europe,43,No,Lower
12629,Single,Male,20000,1,Partial College,Manual,No,0,0-1 Miles,Europe,37,No,Lower
14696,Single,Male,10000,0,Partial High School,Manual,No,2,0-1 Miles,Europe,34,No,Lower
22005,Married,Female,70000,5,Partial College,Skilled Manual,No,3,5-10 Miles,Pacific,46,No,Middle
14544,Single,Male,10000,1,Partial College,Manual,Yes,0,0-1 Miles,Europe,49,No,Lower
14312,Married,Female,60000,1,Partial College,Skilled Manual,Yes,1,5-10 Miles,Pacific,45,No,Middle
29120,Single,Female,100000,1,Bachelors,Management,Yes,4,2-5 Miles,Pacific,48,No,Upper
24187,Single,Female,30000,3,Graduate Degree,Clerical,No,0,0-1 Miles,Europe,46,Yes,Lower
15758,Married,Male,130000,0,Graduate Degree,Management,Yes,0,5-10 Miles,Pacific,48,No,Upper
29094,Married,Male,30000,3,High School,Skilled Manual,Yes,2,5-10 Miles,Pacific,54,Yes,Lower
28319,Single,Female,60000,1,Partial College,Skilled Manual,No,1,0-1 Miles,Pacific,46,Yes,Middle
16406,Married,Male,40000,0,Bachelors,Clerical,No,0,0-1 Miles,Europe,38,Yes,Lower
20923,Married,Female,40000,1,Bachelors,Skilled Manual,Yes,0,0-1 Miles,Europe,42,Yes,Lower
11378,Single,Female,10000,1,High School,Manual,No,1,2-5 Miles,Europe,46,Yes,Lower
20851,Single,Male,20000,0,Partial College,Manual,No,1,2-5 Miles,Europe,36,Yes,Lower
21557,Single,Female,110000,0,Partial College,Management,Yes,3,10+ Miles,Pacific,32,Yes,Upper
26663,Single,Female,60000,2,Bachelors,Professional,No,1,0-1 Miles,Pacific,39,Yes,Middle
11896,Married,Male,100000,1,Graduate Degree,Management,Yes,0,2-5 Miles,Pacific,36,Yes,Upper
14189,Married,Female,90000,4,High School,Professional,No,2,2-5 Miles,Europe,54,Yes,Middle
13136,Married,Female,30000,2,Partial College,Clerical,No,2,5-10 Miles,Pacific,69,No,Lower
25906,Single,Female,10000,5,High School,Skilled Manual,No,2,1-2 Miles,Pacific,62,No,Lower
26928,Single,Male,30000,1,Bachelors,Clerical,Yes,0,0-1 Miles,Europe,62,Yes,Lower
20897,Married,Female,30000,1,Bachelors,Skilled Manual,Yes,2,0-1 Miles,Europe,40,No,Lower
28207,Married,Male,80000,4,Graduate Degree,Management,Yes,1,0-1 Miles,Pacific,36,Yes,Middle
25923,Single,Male,10000,2,Partial High School,Clerical,Yes,2,5-10 Miles,Pacific,58,No,Lower
11000,Married,Male,90000,2,Bachelors,Professional,Yes,0,1-2 Miles,Pacific,40,Yes,Middle
20974,Married,Male,10000,2,Bachelors,Clerical,Yes,1,0-1 Miles,Europe,66,No,Lower
28758,Married,Male,40000,2,Partial College,Clerical,Yes,1,1-2 Miles,Europe,35,Yes,Lower
11381,Married,Female,20000,2,Partial College,Manual,Yes,1,2-5 Miles,Europe,47,Yes,Lower
17522,Married,Male,120000,4,Bachelors,Management,Yes,1,2-5 Miles,Pacific,47,No,Upper
21207,Married,Male,60000,1,Partial College,Skilled Manual,Yes,1,5-10 Miles,Pacific,46,No,Middle
28102,Married,Male,20000,4,High School,Skilled Manual,Yes,2,5-10 Miles,Pacific,58,Yes,Lower
23105,Single,Male,40000,3,Partial High School,Clerical,No,2,5-10 Miles,Pacific,52,Yes,Lower
18740,Married,Male,80000,5,Bachelors,Professional,No,1,0-1 Miles,Pacific,47,Yes,Middle
21213,Single,Male,70000,0,Bachelors,Professional,No,1,5-10 Miles,Pacific,41,No,Middle
17352,Married,Male,50000,2,Graduate Degree,Management,Yes,1,5-10 Miles,Pacific,64,Yes,Middle
14154,Married,Male,30000,0,Bachelors,Clerical,Yes,0,0-1 Miles,Europe,35,Yes,Lower
19066,Married,Male,130000,4,Partial College,Professional,No,3,10+ Miles,Europe,54,No,Upper
11386,Married,Female,30000,3,Bachelors,Clerical,Yes,0,0-1 Miles,Europe,45,No,Lower
20228,Married,Male,100000,0,Graduate Degree,Management,Yes,0,2-5 Miles,Pacific,40,Yes,Upper
16675,Single,Female,160000,0,Graduate Degree,Management,No,3,0-1 Miles,Pacific,47,Yes,Upper
16410,Single,Female,10000,4,Partial High School,Manual,Yes,2,0-1 Miles,Europe,41,Yes,Lower
27760,Single,Female,40000,0,Graduate Degree,Clerical,No,0,0-1 Miles,Europe,37,Yes,Lower
22930,Married,Male,90000,4,Bachelors,Professional,Yes,0,1-2 Miles,Pacific,38,Yes,Middle
23780,Single,Male,40000,2,Partial College,Clerical,No,2,0-1 Miles,Europe,36,Yes,Lower
20994,Married,Female,20000,0,Bachelors,Clerical,No,0,0-1 Miles,Pacific,26,Yes,Lower
28379,Married,Male,30000,1,Bachelors,Skilled Manual,Yes,2,0-1 Miles,Europe,40,No,Lower
14865,Single,Male,40000,2,Partial College,Clerical,Yes,2,1-2 Miles,Europe,36,No,Lower
12663,Married,Female,90000,5,Partial High School,Skilled Manual,Yes,2,10+ Miles,Europe,59,No,Middle
24898,Single,Female,80000,0,Bachelors,Professional,Yes,3,10+ Miles,Pacific,32,No,Middle
19508,Married,Male,10000,0,Partial High School,Manual,No,2,0-1 Miles,Europe,30,No,Lower
11489,Single,Female,20000,0,Partial High School,Manual,No,2,1-2 Miles,Europe,35,Yes,Lower
18160,Married,Male,130000,3,High School,Professional,Yes,4,5-10 Miles,Europe,51,Yes,Upper
25241,Married,Male,90000,2,Bachelors,Professional,Yes,1,5-10 Miles,Pacific,47,No,Middle
27165,Single,Male,20000,0,Partial High School,Manual,No,2,0-1 Miles,Europe,34,No,Lower
29424,Married,Male,10000,0,Partial High School,Manual,Yes,2,0-1 Miles,Europe,32,No,Lower
15926,Single,Female,120000,3,High School,Professional,Yes,4,5-10 Miles,Europe,50,Yes,Upper
14554,Married,Male,20000,1,Bachelors,Clerical,Yes,0,0-1 Miles,Europe,66,No,Lower
16468,Single,Male,30000,0,Partial College,Clerical,Yes,1,2-5 Miles,Europe,30,No,Lower
19174,Single,Female,30000,0,High School,Manual,No,1,2-5 Miles,Europe,32,Yes,Lower
19183,Single,Male,10000,0,Partial High School,Manual,Yes,2,1-2 Miles,Europe,35,No,Lower
13683,Single,Female,30000,0,High School,Manual,No,1,2-5 Miles,Europe,32,No,Lower
17848,Single,Male,30000,0,Partial College,Clerical,No,1,2-5 Miles,Europe,31,Yes,Lower
17894,Married,Female,20000,1,Bachelors,Clerical,Yes,0,0-1 Miles,Europe,50,Yes,Lower
25651,Married,Male,40000,1,Bachelors,Skilled Manual,No,0,0-1 Miles,Europe,43,Yes,Lower
22936,Single,Female,60000,1,Partial College,Skilled Manual,No,1,0-1 Miles,Pacific,45,Yes,Middle
23915,Married,Male,20000,2,High School,Manual,Yes,2,0-1 Miles,Europe,42,No,Lower
24121,Single,Female,30000,0,Partial College,Clerical,No,1,0-1 Miles,Europe,29,Yes,Lower
27878,Single,Male,20000,0,Partial College,Manual,No,0,0-1 Miles,Pacific,28,Yes,Lower
27941,Married,Female,80000,4,Partial College,Professional,Yes,2,2-5 Miles,Europe,53,No,Middle
26354,Single,Male,40000,0,Graduate Degree,Clerical,No,0,0-1 Miles,Europe,38,Yes,Lower
14785,Single,Male,30000,1,Bachelors,Clerical,No,1,1-2 Miles,Europe,39,No,Lower
17238,Single,Male,80000,0,Bachelors,Professional,Yes,3,10+ Miles,Pacific,32,No,Middle
23608,Married,Female,150000,3,High School,Professional,Yes,3,0-1 Miles,Europe,51,Yes,Upper
22538,Single,Female,10000,0,Partial High School,Manual,Yes,2,1-2 Miles,Europe,33,No,Lower
12332,Married,Male,90000,4,High School,Management,Yes,3,5-10 Miles,Europe,58,Yes,Middle
17230,Married,Male,80000,0,Bachelors,Professional,Yes,3,10+ Miles,Pacific,30,No,Middle
13082,Single,Male,130000,0,Graduate Degree,Management,Yes,0,2-5 Miles,Pacific,48,Yes,Upper
22518,Single,Female,30000,3,Partial College,Clerical,No,2,0-1 Miles,Europe,27,Yes,Lower
13687,Married,Male,40000,1,Bachelors,Skilled Manual,Yes,1,0-1 Miles,Europe,33,Yes,Lower
23571,Married,Female,40000,2,Bachelors,Management,Yes,2,0-1 Miles,Pacific,66,Yes,Lower
19305,Single,Female,10000,2,High School,Manual,Yes,1,0-1 Miles,Europe,38,Yes,Lower
17310,Married,Male,60000,1,Partial College,Skilled Manual,Yes,1,0-1 Miles,Pacific,45,Yes,Middle
12133,Married,Female,130000,3,Partial College,Professional,Yes,3,5-10 Miles,Europe,50,Yes,Upper
25918,Single,Female,30000,2,Partial College,Clerical,No,2,5-10 Miles,Pacific,60,Yes,Lower
25752,Single,Female,20000,2,Partial College,Manual,No,1,0-1 Miles,Europe,53,Yes,Lower
17324,Married,Female,100000,4,Bachelors,Professional,Yes,1,10+ Miles,Pacific,46,No,Upper
12510,Married,Male,40000,1,Bachelors,Skilled Manual,Yes,1,0-1 Miles,Europe,43,Yes,Lower
25512,Single,Male,20000,0,High School,Manual,No,1,2-5 Miles,Europe,30,No,Lower
16179,Single,Female,80000,5,Bachelors,Professional,Yes,4,1-2 Miles,Pacific,38,No,Middle
15628,Married,Female,40000,1,Bachelors,Skilled Manual,Yes,1,0-1 Miles,Europe,89,No,Lower
20977,Married,Male,20000,1,Bachelors,Clerical,Yes,0,0-1 Miles,Europe,64,Yes,Lower
18140,Married,Male,130000,3,Partial College,Professional,No,3,5-10 Miles,Europe,51,Yes,Upper
20417,Married,Male,30000,3,Partial College,Clerical,No,2,5-10 Miles,Pacific,56,No,Lower
18267,Married,Male,60000,3,Bachelors,Professional,Yes,2,5-10 Miles,Pacific,43,No,Middle
13620,Single,Male,70000,0,Bachelors,Professional,No,3,10+ Miles,Pacific,30,Yes,Middle
22974,Married,Female,30000,2,Partial College,Clerical,Yes,2,5-10 Miles,Pacific,69,No,Lower
13586,Married,Male,80000,4,Partial College,Professional,Yes,2,10+ Miles,Europe,53,No,Middle
17978,Married,Male,40000,0,Graduate Degree,Clerical,Yes,0,0-1 Miles,Europe,37,Yes,Lower
12581,Single,Female,10000,0,Partial College,Manual,No,1,0-1 Miles,Pacific,28,Yes,Lower
18018,Single,Male,30000,3,Partial College,Clerical,Yes,0,0-1 Miles,Europe,43,No,Lower
13690,Single,Female,20000,0,Partial High School,Manual,No,2,1-2 Miles,Europe,34,Yes,Lower
12568,Married,Female,30000,1,Bachelors,Clerical,Yes,0,0-1 Miles,Europe,64,No,Lower
13122,Married,Female,80000,0,Bachelors,Professional,Yes,1,1-2 Miles,Pacific,41,Yes,Middle
21184,Single,Male,70000,0,Bachelors,Professional,No,1,5-10 Miles,Pacific,38,No,Middle
26150,Single,Female,70000,0,Bachelors,Professional,No,1,0-1 Miles,Pacific,41,Yes,Middle
24151,Single,Male,20000,1,Bachelors,Clerical,No,0,0-1 Miles,Europe,51,No,Lower
23962,Married,Female,10000,0,Partial High School,Manual,Yes,2,1-2 Miles,Europe,32,No,Lower
17793,Married,Female,40000,0,Bachelors,Clerical,Yes,0,0-1 Miles,Europe,38,Yes,Lower
14926,Married,Male,30000,1,Bachelors,Clerical,Yes,0,0-1 Miles,Europe,38,Yes,Lower
16163,Single,Male,60000,2,Bachelors,Professional,Yes,1,2-5 Miles,Pacific,38,Yes,Middle
21365,Married,Female,10000,2,Partial High School,Clerical,Yes,2,5-10 Miles,Pacific,58,No,Lower
27771,Single,Male,30000,1,Bachelors,Clerical,Yes,1,1-2 Miles,Europe,39,Yes,Lower
26167,Single,Female,40000,2,Bachelors,Management,No,1,5-10 Miles,Pacific,53,Yes,Lower
25792,Single,Female,110000,3,Bachelors,Management,Yes,4,10+ Miles,Europe,53,No,Upper
11555,Married,Female,40000,1,Bachelors,Clerical,Yes,0,0-1 Miles,Europe,80,No,Lower
22381,Married,Male,10000,1,Graduate Degree,Manual,Yes,0,0-1 Miles,Europe,44,No,Lower
17882,Married,Male,20000,1,Graduate Degree,Clerical,Yes,0,0-1 Miles,Europe,44,No,Lower
22174,Married,Male,30000,3,High School,Skilled Manual,Yes,2,5-10 Miles,Pacific,54,Yes,Lower
22439,Married,Female,30000,0,Bachelors,Clerical,Yes,0,0-1 Miles,Europe,37,Yes,Lower
18012,Married,Female,40000,1,Bachelors,Skilled Manual,Yes,0,0-1 Miles,Europe,41,No,Lower
27582,Single,Female,90000,2,Bachelors,Professional,No,0,0-1 Miles,Pacific,36,Yes,Middle
12744,Single,Female,40000,2,Partial College,Clerical,Yes,0,0-1 Miles,Europe,33,No,Lower
22821,Married,Female,130000,3,Partial College,Professional,Yes,4,0-1 Miles,Europe,52,No,Upper
20171,Married,Female,20000,2,Partial College,Manual,Yes,1,0-1 Miles,Europe,46,Yes,Lower
11116,Married,Male,70000,5,Partial College,Skilled Manual,Yes,2,5-10 Miles,Pacific,43,No,Middle
20053,Single,Male,40000,2,Partial College,Clerical,Yes,0,0-1 Miles,Europe,34,No,Lower
25266,Single,Female,30000,2,Partial College,Clerical,No,2,5-10 Miles,Pacific,67,No,Lower
17960,Married,Female,40000,0,Graduate Degree,Clerical,Yes,0,0-1 Miles,Europe,35,Yes,Lower
13961,Married,Female,80000,5,Graduate Degree,Management,Yes,3,0-1 Miles,Pacific,40,No,Middle
11897,Single,Male,60000,2,Bachelors,Professional,No,1,0-1 Miles,Pacific,37,Yes,Middle
11139,Single,Female,30000,2,Partial College,Clerical,No,2,5-10 Miles,Pacific,67,No,Lower
11576,Married,Male,30000,1,Bachelors,Skilled Manual,Yes,2,0-1 Miles,Europe,41,Yes,Lower
19255,Single,Male,10000,2,Partial College,Manual,Yes,1,0-1 Miles,Europe,51,Yes,Lower
18153,Married,Female,100000,2,Bachelors,Management,Yes,4,10+ Miles,Europe,59,No,Upper
14547,Married,Male,10000,2,Partial College,Manual,Yes,0,1-2 Miles,Europe,51,No,Lower
24901,Single,Male,110000,0,Partial College,Management,No,3,10+ Miles,Pacific,32,Yes,Upper
27169,Single,Male,30000,0,High School,Manual,Yes,1,2-5 Miles,Europe,34,Yes,Lower
14805,Single,Female,10000,3,Partial High School,Manual,Yes,2,0-1 Miles,Europe,43,No,Lower
15822,Married,Male,40000,2,Bachelors,Management,Yes,2,0-1 Miles,Pacific,67,No,Lower
19389,Single,Male,30000,0,Partial College,Clerical,No,1,2-5 Miles,Europe,28,No,Lower
17048,Single,Female,90000,1,Graduate Degree,Management,Yes,0,0-1 Miles,Pacific,36,Yes,Middle
22204,Married,Male,110000,4,Bachelors,Management,Yes,3,2-5 Miles,Pacific,48,No,Upper
12718,Single,Female,30000,0,Partial College,Clerical,Yes,1,2-5 Miles,Europe,31,No,Lower
15019,Single,Female,30000,3,High School,Skilled Manual,Yes,2,5-10 Miles,Pacific,55,No,Lower
28488,Single,Male,20000,0,Partial College,Manual,Yes,0,0-1 Miles,Pacific,28,Yes,Lower
21891,Married,Female,110000,0,High School,Management,Yes,3,10+ Miles,Pacific,34,Yes,Upper
27814,Single,Female,30000,3,Partial College,Clerical,No,1,0-1 Miles,Europe,26,No,Lower
22175,Married,Female,30000,3,High School,Skilled Manual,Yes,2,5-10 Miles,Pacific,53,Yes,Lower
29447,Single,Female,10000,2,Bachelors,Clerical,No,1,2-5 Miles,Europe,68,No,Lower
19784,Married,Female,80000,2,High School,Skilled Manual,Yes,2,5-10 Miles,Pacific,50,Yes,Middle
27824,Single,Female,30000,3,Partial College,Clerical,Yes,2,0-1 Miles,Europe,28,Yes,Lower
24093,Single,Female,80000,0,Graduate Degree,Skilled Manual,No,0,0-1 Miles,Europe,40,Yes,Middle
19618,Married,Male,70000,5,Partial College,Skilled Manual,Yes,2,0-1 Miles,Pacific,44,No,Middle
21561,Single,Male,90000,0,Bachelors,Professional,No,3,10+ Miles,Pacific,34,Yes,Middle
26651,Single,Male,80000,4,Graduate Degree,Management,Yes,0,0-1 Miles,Pacific,36,Yes,Middle
21108,Married,Female,40000,1,Bachelors,Skilled Manual,Yes,1,0-1 Miles,Europe,43,Yes,Lower
12731,Single,Male,30000,0,High School,Manual,No,1,1-2 Miles,Europe,32,No,Lower
25307,Married,Female,40000,1,Bachelors,Skilled Manual,Yes,1,1-2 Miles,Europe,32,Yes,Lower
14278,Married,Female,130000,0,Graduate Degree,Management,Yes,1,10+ Miles,Pacific,48,No,Upper
20711,Married,Female,40000,1,Bachelors,Skilled Manual,Yes,0,1-2 Miles,Europe,32,Yes,Lower
12497,Married,Female,40000,1,Bachelors,Skilled Manual,Yes,0,0-1 Miles,Europe,42,No,Lower
16559,Single,Female,10000,2,High School,Manual,Yes,0,0-1 Miles,Europe,36,Yes,Lower
11585,Married,Female,40000,1,Bachelors,Skilled Manual,Yes,0,0-1 Miles,Europe,41,No,Lower
20277,Married,Female,30000,2,Partial College,Clerical,No,2,0-1 Miles,Pacific,69,No,Lower
26765,Single,Female,70000,5,Partial College,Skilled Manual,Yes,2,5-10 Miles,Pacific,45,No,Middle
12389,Single,Male,30000,0,High School,Manual,No,1,2-5 Miles,Europe,34,No,Lower
13585,Married,Female,80000,4,Partial College,Professional,No,1,2-5 Miles,Europe,53,Yes,Middle
26385,Single,Male,120000,3,High School,Professional,No,4,5-10 Miles,Europe,50,No,Upper
12236,Married,Female,20000,1,Partial College,Manual,Yes,0,0-1 Miles,Europe,65,No,Lower
21560,Married,Male,120000,0,Partial High School,Professional,Yes,4,10+ Miles,Pacific,32,Yes,Upper
21554,Single,Female,80000,0,Bachelors,Professional,No,3,10+ Miles,Pacific,33,No,Middle
13662,Single,Male,20000,0,Partial High School,Manual,Yes,2,1-2 Miles,Europe,31,Yes,Lower
13089,Married,Female,120000,1,Bachelors,Management,Yes,2,0-1 Miles,Pacific,46,Yes,Upper
14791,Married,Female,40000,0,Bachelors,Clerical,Yes,0,0-1 Miles,Europe,39,Yes,Lower
19331,Single,Male,20000,2,High School,Manual,Yes,1,0-1 Miles,Europe,40,No,Lower
17754,Single,Female,30000,3,Bachelors,Clerical,Yes,0,0-1 Miles,Europe,46,Yes,Lower
11149,Married,Male,40000,2,Bachelors,Management,Yes,2,0-1 Miles,Pacific,65,No,Lower
16549,Single,Female,30000,3,Bachelors,Clerical,Yes,0,0-1 Miles,Europe,47,Yes,Lower
24305,Single,Male,100000,1,Bachelors,Management,No,3,0-1 Miles,Pacific,46,Yes,Upper
18253,Married,Female,80000,5,Graduate Degree,Management,Yes,3,0-1 Miles,Pacific,40,No,Middle
20147,Married,Female,30000,1,Bachelors,Clerical,Yes,0,0-1 Miles,Europe,65,No,Lower
15612,Single,Male,30000,0,High School,Manual,No,1,1-2 Miles,Europe,28,No,Lower
28323,Single,Male,70000,0,Bachelors,Professional,No,2,5-10 Miles,Pacific,43,Yes,Middle
22634,Single,Female,40000,0,Graduate Degree,Clerical,Yes,0,0-1 Miles,Europe,38,Yes,Lower
15665,Married,Female,30000,0,Bachelors,Clerical,Yes,0,0-1 Miles,Europe,47,Yes,Lower
27585,Married,Female,90000,2,Bachelors,Professional,No,0,0-1 Miles,Pacific,36,Yes,Middle
19748,Married,Male,20000,4,High School,Skilled Manual,No,2,1-2 Miles,Pacific,60,No,Lower
21974,Single,Female,70000,0,Bachelors,Professional,Yes,1,5-10 Miles,Pacific,42,Yes,Middle
14032,Married,Male,70000,2,High School,Skilled Manual,No,2,1-2 Miles,Pacific,50,Yes,Middle
22610,Married,Male,30000,0,Bachelors,Clerical,Yes,0,0-1 Miles,Europe,35,Yes,Lower
26984,Married,Male,40000,1,Bachelors,Skilled Manual,Yes,1,0-1 Miles,Europe,32,Yes,Lower
18294,Married,Female,90000,1,Bachelors,Professional,Yes,1,5-10 Miles,Pacific,46,No,Middle
28564,Single,Female,40000,2,Partial College,Clerical,Yes,0,1-2 Miles,Europe,33,Yes,Lower
28521,Single,Male,40000,0,Graduate Degree,Clerical,No,0,0-1 Miles,Europe,36,Yes,Lower
15450,Married,Male,10000,1,Graduate Degree,Clerical,Yes,0,0-1 Miles,Europe,70,No,Lower
25681,Single,Female,30000,0,Partial College,Clerical,No,1,2-5 Miles,Europe,31,Yes,Lower
19491,Single,Male,30000,2,Partial College,Clerical,Yes,2,0-1 Miles,Europe,42,No,Lower
26415,Married,Female,90000,4,Partial High School,Skilled Manual,Yes,4,10+ Miles,Europe,58,No,Middle
12821,Married,Male,40000,0,Bachelors,Clerical,Yes,0,0-1 Miles,Europe,39,No,Lower
15629,Single,Female,10000,0,Partial High School,Manual,Yes,2,1-2 Miles,Europe,34,No,Lower
27835,Married,Male,20000,0,Partial High School,Manual,Yes,2,0-1 Miles,Europe,32,No,Lower
11738,Married,Male,60000,4,Bachelors,Professional,Yes,0,2-5 Miles,Americas,46,No,Middle
25065,Married,Male,70000,2,Partial High School,Skilled Manual,Yes,2,5-10 Miles,Americas,48,No,Middle
26238,Single,Female,40000,3,Partial College,Clerical,Yes,1,1-2 Miles,Americas,31,Yes,Lower
23707,Single,Male,70000,5,Bachelors,Management,Yes,3,10+ Miles,Americas,60,Yes,Middle
27650,Married,Male,70000,4,High School,Professional,Yes,0,5-10 Miles,Americas,51,No,Middle
24981,Married,Male,60000,2,Partial College,Professional,Yes,2,10+ Miles,Americas,56,No,Middle
20678,Single,Female,60000,3,Bachelors,Skilled Manual,Yes,1,2-5 Miles,Americas,40,Yes,Middle
15302,Single,Female,70000,1,Graduate Degree,Professional,Yes,0,2-5 Miles,Americas,34,Yes,Middle
26012,Married,Male,80000,1,Partial College,Skilled Manual,Yes,1,2-5 Miles,Americas,48,Yes,Middle
26575,Single,Female,40000,0,High School,Skilled Manual,No,2,1-2 Miles,Americas,31,Yes,Lower
15559,Married,Male,60000,5,Bachelors,Professional,Yes,1,2-5 Miles,Americas,47,No,Middle
19235,Married,Female,50000,0,Graduate Degree,Skilled Manual,Yes,0,0-1 Miles,Americas,34,No,Middle
15275,Married,Male,40000,0,Partial College,Skilled Manual,Yes,1,5-10 Miles,Americas,29,No,Lower
20339,Married,Female,130000,1,Bachelors,Management,Yes,4,2-5 Miles,Americas,44,Yes,Upper
25405,Married,Male,70000,2,Bachelors,Skilled Manual,Yes,1,2-5 Miles,Americas,38,Yes,Middle
15940,Married,Male,100000,4,Partial College,Professional,Yes,4,0-1 Miles,Americas,40,No,Upper
25074,Married,Female,70000,4,Bachelors,Professional,Yes,2,2-5 Miles,Americas,42,Yes,Middle
24738,Married,Female,40000,1,Partial College,Clerical,Yes,1,1-2 Miles,Americas,51,Yes,Lower
16337,Married,Male,60000,0,Partial College,Skilled Manual,No,2,1-2 Miles,Americas,29,No,Middle
18613,Single,Male,70000,0,Bachelors,Professional,No,1,2-5 Miles,Americas,37,Yes,Middle
18052,Married,Female,60000,1,Partial College,Skilled Manual,Yes,1,0-1 Miles,Americas,45,Yes,Middle
13353,Single,Female,60000,4,Graduate Degree,Management,Yes,2,10+ Miles,Americas,61,Yes,Middle
19399,Single,Male,40000,0,Bachelors,Professional,No,1,2-5 Miles,Americas,45,No,Lower
16154,Married,Female,70000,5,Bachelors,Professional,Yes,2,2-5 Miles,Americas,47,No,Middle
22219,Married,Female,60000,2,High School,Professional,Yes,2,5-10 Miles,Americas,49,No,Middle
17269,Single,Male,60000,3,Bachelors,Professional,No,0,0-1 Miles,Americas,47,Yes,Middle
23586,Married,Female,80000,0,Bachelors,Management,Yes,1,1-2 Miles,Americas,34,Yes,Middle
15740,Married,Male,80000,5,Bachelors,Management,Yes,2,1-2 Miles,Americas,64,No,Middle
27638,Single,Male,100000,1,Partial College,Professional,No,3,1-2 Miles,Americas,44,No,Upper
18976,Single,Male,40000,4,High School,Professional,Yes,2,10+ Miles,Americas,62,Yes,Lower
19413,Single,Male,60000,3,Bachelors,Professional,No,1,0-1 Miles,Americas,47,Yes,Middle
13283,Married,Male,80000,3,Partial College,Professional,No,2,0-1 Miles,Americas,49,Yes,Middle
17471,Single,Female,80000,4,Graduate Degree,Management,Yes,2,5-10 Miles,Americas,67,No,Middle
16791,Single,Male,60000,5,Bachelors,Management,Yes,3,10+ Miles,Americas,59,Yes,Middle
15382,Married,Female,110000,1,Bachelors,Management,Yes,2,1-2 Miles,Americas,44,No,Upper
11641,Married,Male,50000,1,Bachelors,Skilled Manual,Yes,0,0-1 Miles,Americas,36,No,Middle
11935,Single,Female,30000,0,Partial College,Skilled Manual,Yes,1,5-10 Miles,Americas,28,No,Lower
13233,Married,Male,60000,2,Partial College,Professional,Yes,1,10+ Miles,Americas,57,Yes,Middle
25909,Married,Male,60000,0,Partial College,Skilled Manual,Yes,1,5-10 Miles,Americas,27,Yes,Middle
14092,Single,Male,30000,0,Partial High School,Clerical,Yes,2,5-10 Miles,Americas,28,No,Lower
29143,Single,Female,60000,1,Bachelors,Professional,No,1,0-1 Miles,Americas,44,Yes,Middle
24941,Married,Male,60000,3,Bachelors,Management,Yes,2,10+ Miles,Americas,66,No,Middle
24637,Married,Male,40000,4,High School,Professional,Yes,2,10+ Miles,Americas,64,No,Lower
23893,Married,Male,50000,3,Bachelors,Skilled Manual,Yes,3,10+ Miles,Americas,41,No,Middle
13907,Single,Female,80000,3,Bachelors,Skilled Manual,Yes,1,0-1 Miles,Americas,41,Yes,Middle
14900,Married,Female,40000,1,Partial College,Clerical,Yes,1,1-2 Miles,Americas,49,Yes,Lower
11262,Married,Female,80000,4,Bachelors,Management,Yes,0,0-1 Miles,Americas,42,No,Middle
22294,Single,Female,70000,0,Bachelors,Professional,No,1,2-5 Miles,Americas,37,Yes,Middle
12195,Single,Female,70000,3,Graduate Degree,Management,Yes,2,1-2 Miles,Americas,52,No,Middle
25375,Married,Male,50000,1,Graduate Degree,Skilled Manual,Yes,0,1-2 Miles,Americas,34,No,Middle
11143,Married,Male,40000,0,High School,Skilled Manual,Yes,2,5-10 Miles,Americas,29,No,Lower
25898,Married,Female,70000,2,High School,Professional,Yes,2,2-5 Miles,Americas,53,No,Middle
24397,Single,Male,120000,2,Bachelors,Management,No,4,1-2 Miles,Americas,40,No,Upper
19758,Single,Male,60000,0,Partial College,Skilled Manual,No,2,1-2 Miles,Americas,29,No,Middle
15529,Married,Male,60000,4,Bachelors,Professional,Yes,2,2-5 Miles,Americas,43,Yes,Middle
19884,Married,Male,60000,2,High School,Professional,Yes,2,2-5 Miles,Americas,55,Yes,Middle
18674,Single,Female,80000,4,Graduate Degree,Skilled Manual,No,0,0-1 Miles,Americas,48,No,Middle
14063,Single,Female,70000,0,Bachelors,Professional,No,1,0-1 Miles,Pacific,42,Yes,Middle
27393,Married,Female,50000,4,Bachelors,Management,Yes,2,10+ Miles,Americas,63,No,Middle
14417,Single,Male,60000,3,High School,Professional,Yes,2,10+ Miles,Americas,54,Yes,Middle
17533,Married,Male,40000,3,Partial College,Professional,No,2,5-10 Miles,Americas,73,Yes,Lower
17025,Single,Male,50000,0,Partial College,Skilled Manual,No,1,2-5 Miles,Americas,39,Yes,Middle
25293,Married,Male,80000,4,Bachelors,Management,Yes,0,1-2 Miles,Americas,42,No,Middle
24725,Married,Female,40000,3,Partial College,Clerical,Yes,0,1-2 Miles,Americas,31,No,Lower
23200,Married,Female,50000,3,Bachelors,Skilled Manual,Yes,2,0-1 Miles,Americas,41,No,Middle
15895,Single,Female,60000,2,Bachelors,Management,Yes,0,10+ Miles,Americas,58,No,Middle
18577,Married,Female,60000,0,Graduate Degree,Professional,Yes,0,0-1 Miles,Americas,40,No,Middle
18560,Married,Female,70000,2,Graduate Degree,Professional,Yes,0,2-5 Miles,Americas,34,Yes,Middle
25006,Single,Female,30000,0,Partial College,Skilled Manual,Yes,1,5-10 Miles,Americas,28,No,Lower
17369,Single,Male,30000,0,Partial College,Skilled Manual,Yes,1,5-10 Miles,Americas,27,No,Lower
14495,Married,Male,40000,3,Partial College,Professional,No,2,5-10 Miles,Americas,54,Yes,Lower
18847,Married,Female,60000,2,Graduate Degree,Management,Yes,2,5-10 Miles,Americas,70,No,Middle
14754,Married,Male,40000,1,Partial College,Clerical,Yes,1,1-2 Miles,Americas,48,Yes,Lower
23378,Married,Male,70000,1,Partial College,Skilled Manual,Yes,1,2-5 Miles,Americas,44,Yes,Middle
26452,Single,Male,50000,3,Graduate Degree,Management,Yes,2,10+ Miles,Americas,69,No,Middle
20370,Married,Male,70000,3,Partial High School,Skilled Manual,Yes,2,5-10 Miles,Americas,52,No,Middle
20528,Married,Male,40000,2,Partial High School,Skilled Manual,Yes,2,2-5 Miles,Americas,55,No,Lower
23549,Single,Male,30000,0,High School,Skilled Manual,Yes,2,5-10 Miles,Americas,30,No,Lower
21751,Married,Male,60000,3,Graduate Degree,Management,Yes,2,1-2 Miles,Americas,63,No,Middle
21266,Single,Female,80000,0,Bachelors,Management,Yes,1,1-2 Miles,Americas,34,Yes,Middle
13388,Single,Male,60000,2,Partial College,Professional,Yes,1,10+ Miles,Americas,56,No,Middle
18752,Single,Female,40000,0,High School,Skilled Manual,Yes,1,5-10 Miles,Americas,31,No,Lower
16917,Married,Male,120000,1,Bachelors,Management,Yes,4,0-1 Miles,Americas,38,No,Upper
15313,Married,Male,60000,4,Bachelors,Management,Yes,2,2-5 Miles,Americas,59,No,Middle
25329,Single,Female,40000,3,Partial College,Clerical,No,2,0-1 Miles,Americas,32,No,Lower
20380,Married,Female,60000,3,Graduate Degree,Management,Yes,2,10+ Miles,Americas,69,No,Middle
23089,Married,Male,40000,0,Partial College,Skilled Manual,Yes,1,5-10 Miles,Americas,28,No,Lower
13749,Married,Male,80000,4,Graduate Degree,Skilled Manual,Yes,0,1-2 Miles,Americas,47,No,Middle
24943,Married,Male,60000,3,Bachelors,Management,Yes,2,10+ Miles,Americas,66,No,Middle
28667,Single,Male,70000,2,Bachelors,Skilled Manual,No,1,0-1 Miles,Americas,37,Yes,Middle
15194,Single,Male,120000,2,Bachelors,Management,No,3,0-1 Miles,Americas,39,Yes,Upper
17436,Married,Male,60000,2,High School,Professional,No,2,1-2 Miles,Americas,51,No,Middle
18935,Married,Female,130000,0,Graduate Degree,Management,Yes,3,1-2 Miles,Americas,40,No,Upper
16871,Married,Female,90000,2,High School,Professional,Yes,1,10+ Miles,Americas,51,Yes,Middle
12100,Single,Male,60000,2,Bachelors,Management,Yes,0,10+ Miles,Americas,57,No,Middle
23158,Married,Female,60000,1,Graduate Degree,Professional,No,0,0-1 Miles,Americas,35,Yes,Middle
18545,Married,Male,40000,4,High School,Professional,No,2,10+ Miles,Americas,61,Yes,Lower
18391,Single,Female,80000,5,Partial College,Professional,Yes,2,5-10 Miles,Americas,44,No,Middle
19812,Single,Female,70000,2,Partial College,Professional,Yes,0,5-10 Miles,Americas,49,Yes,Middle
27660,Married,Male,80000,4,Graduate Degree,Management,Yes,2,5-10 Miles,Americas,70,No,Middle
18058,Single,Female,20000,3,High School,Skilled Manual,Yes,2,2-5 Miles,Americas,78,No,Lower
20343,Married,Female,90000,4,Partial College,Professional,Yes,1,1-2 Miles,Americas,45,No,Middle
28997,Single,Male,40000,2,High School,Professional,No,1,2-5 Miles,Americas,58,Yes,Lower
24398,Married,Male,130000,1,Graduate Degree,Management,Yes,4,0-1 Miles,Americas,41,No,Upper
19002,Married,Female,60000,2,Partial College,Professional,Yes,1,2-5 Miles,Americas,57,Yes,Middle
28609,Married,Male,30000,2,High School,Skilled Manual,No,2,0-1 Miles,Americas,49,No,Lower
18858,Single,Male,60000,2,Partial High School,Skilled Manual,Yes,2,5-10 Miles,Americas,52,Yes,Middle
20000,Married,Male,60000,1,Graduate Degree,Professional,Yes,0,0-1 Miles,Americas,35,Yes,Middle
25261,Married,Male,40000,0,High School,Skilled Manual,Yes,2,5-10 Miles,Americas,27,No,Lower
17458,Single,Male,70000,3,High School,Professional,Yes,0,5-10 Miles,Americas,52,Yes,Middle
11644,Single,Male,40000,2,Bachelors,Skilled Manual,Yes,0,2-5 Miles,Americas,36,No,Lower
16145,Single,Female,70000,5,Graduate Degree,Professional,Yes,3,10+ Miles,Americas,46,Yes,Middle
16890,Married,Male,60000,3,Partial High School,Skilled Manual,Yes,2,5-10 Miles,Americas,52,Yes,Middle
25983,Married,Male,70000,0,Bachelors,Professional,No,1,0-1 Miles,Americas,43,No,Middle
14633,Married,Male,60000,1,Partial College,Skilled Manual,Yes,1,2-5 Miles,Americas,44,No,Middle
22994,Married,Female,80000,0,Bachelors,Management,Yes,1,1-2 Miles,Americas,34,Yes,Middle
22983,Single,Female,30000,0,Partial High School,Clerical,Yes,2,5-10 Miles,Americas,27,No,Lower
25184,Single,Male,110000,1,Partial College,Professional,Yes,4,5-10 Miles,Americas,45,Yes,Upper
14469,Married,Female,100000,3,Partial College,Professional,Yes,4,1-2 Miles,Americas,45,No,Upper
16245,Single,Female,80000,4,Graduate Degree,Skilled Manual,Yes,0,1-2 Miles,Americas,47,No,Middle
17858,Married,Male,40000,4,High School,Skilled Manual,Yes,2,2-5 Miles,Americas,44,Yes,Lower
25347,Single,Female,20000,3,Partial High School,Clerical,No,2,0-1 Miles,Americas,49,No,Lower
15814,Single,Female,40000,0,High School,Skilled Manual,Yes,1,5-10 Miles,Americas,30,No,Lower
11259,Married,Female,100000,4,Partial College,Professional,Yes,4,2-5 Miles,Americas,41,Yes,Upper
11200,Married,Male,70000,4,Bachelors,Management,Yes,1,1-2 Miles,Americas,58,No,Middle
25101,Married,Male,60000,5,Bachelors,Professional,Yes,1,2-5 Miles,Americas,47,No,Middle
21801,Married,Female,70000,4,Partial College,Professional,Yes,1,1-2 Miles,Americas,55,No,Middle
25943,Single,Female,70000,0,Partial College,Skilled Manual,No,2,0-1 Miles,Americas,27,Yes,Middle
22127,Married,Male,60000,3,Graduate Degree,Management,Yes,2,1-2 Miles,Americas,67,No,Middle
20414,Married,Female,60000,0,Partial College,Skilled Manual,Yes,2,5-10 Miles,Americas,29,No,Middle
23672,Married,Female,60000,3,Graduate Degree,Management,Yes,2,1-2 Miles,Americas,67,No,Middle
29255,Single,Male,80000,3,Partial College,Professional,No,1,1-2 Miles,Americas,51,Yes,Middle
28815,Married,Female,50000,1,Graduate Degree,Skilled Manual,Yes,0,0-1 Miles,Americas,35,No,Middle
27753,Married,Male,40000,0,High School,Skilled Manual,No,2,1-2 Miles,Americas,30,No,Lower
27643,Single,Male,70000,5,Partial College,Professional,Yes,3,2-5 Miles,Americas,44,No,Middle
13754,Single,Female,80000,4,Graduate Degree,Skilled Manual,Yes,0,1-2 Miles,Americas,48,No,Middle
22088,Married,Female,130000,1,Bachelors,Management,Yes,2,0-1 Miles,Americas,45,Yes,Upper
27388,Married,Male,60000,3,Bachelors,Management,No,2,1-2 Miles,Americas,66,No,Middle
24745,Single,Female,30000,2,High School,Skilled Manual,No,2,0-1 Miles,Americas,49,No,Lower
29237,Single,Female,120000,4,Partial College,Professional,Yes,3,5-10 Miles,Americas,43,Yes,Upper
15272,Single,Male,40000,0,High School,Skilled Manual,No,2,1-2 Miles,Americas,30,No,Lower
14507,Married,Male,100000,2,Graduate Degree,Management,Yes,3,1-2 Miles,Americas,65,No,Upper
25886,Married,Female,60000,2,Partial College,Professional,Yes,2,2-5 Miles,Americas,56,Yes,Middle
21441,Married,Male,50000,4,Bachelors,Management,Yes,2,10+ Miles,Americas,64,No,Middle
21741,Married,Female,70000,3,Partial College,Professional,Yes,2,5-10 Miles,Americas,50,Yes,Middle
14572,Married,Female,70000,3,Graduate Degree,Professional,Yes,0,2-5 Miles,Americas,35,Yes,Middle
23368,Married,Female,60000,5,Bachelors,Skilled Manual,Yes,3,10+ Miles,Americas,41,No,Middle
16217,Single,Female,60000,0,Graduate Degree,Skilled Manual,Yes,0,0-1 Miles,Americas,39,No,Middle
22010,Single,Male,40000,0,High School,Skilled Manual,Yes,2,5-10 Miles,Americas,31,No,Lower
25872,Single,Female,70000,2,Bachelors,Management,No,1,2-5 Miles,Americas,58,Yes,Middle
19164,Single,Female,70000,0,Bachelors,Professional,No,1,2-5 Miles,Americas,38,Yes,Middle
18435,Single,Female,70000,5,Graduate Degree,Management,Yes,2,10+ Miles,Americas,67,Yes,Middle
14284,Single,Male,60000,0,Partial College,Professional,No,2,1-2 Miles,Americas,32,Yes,Middle
11287,Married,Male,70000,5,Partial College,Professional,No,3,5-10 Miles,Americas,45,No,Middle
13066,Single,Male,30000,0,High School,Skilled Manual,No,2,1-2 Miles,Americas,31,Yes,Lower
29106,Single,Male,40000,0,High School,Skilled Manual,No,2,1-2 Miles,Americas,31,Yes,Lower
26236,Married,Female,40000,3,Partial College,Clerical,Yes,1,0-1 Miles,Americas,31,No,Lower
17531,Married,Male,60000,2,High School,Professional,No,2,5-10 Miles,Americas,50,No,Middle
12964,Married,Male,70000,1,Partial College,Skilled Manual,Yes,1,0-1 Miles,Americas,44,No,Middle
19133,Single,Male,50000,2,Bachelors,Skilled Manual,Yes,1,2-5 Miles,Americas,38,Yes,Middle
24643,Single,Female,60000,4,Bachelors,Management,Yes,2,10+ Miles,Americas,63,No,Middle
21599,Married,Female,60000,1,Graduate Degree,Professional,Yes,0,2-5 Miles,Americas,36,Yes,Middle
22976,Single,Male,40000,0,High School,Skilled Manual,No,2,0-1 Miles,Americas,28,Yes,Lower
27637,Single,Female,100000,1,Partial College,Professional,No,3,1-2 Miles,Americas,44,No,Upper
11890,Married,Female,70000,5,Graduate Degree,Professional,Yes,1,0-1 Miles,Americas,47,No,Middle
28580,Married,Female,80000,0,Graduate Degree,Skilled Manual,Yes,0,1-2 Miles,Americas,40,Yes,Middle
14443,Married,Male,130000,1,Graduate Degree,Management,Yes,4,0-1 Miles,Americas,40,No,Upper
17864,Married,Female,60000,1,Partial College,Skilled Manual,Yes,1,2-5 Miles,Americas,46,Yes,Middle
20505,Married,Female,40000,5,High School,Professional,No,2,10+ Miles,Americas,61,No,Lower
14592,Married,Female,60000,0,Graduate Degree,Professional,Yes,0,0-1 Miles,Americas,40,No,Middle
22227,Married,Female,60000,2,High School,Professional,Yes,2,5-10 Miles,Americas,50,No,Middle
21471,Married,Male,70000,2,Partial College,Professional,Yes,1,10+ Miles,Americas,59,No,Middle
22252,Single,Female,60000,1,Graduate Degree,Professional,Yes,0,2-5 Miles,Americas,36,Yes,Middle
21260,Single,Female,40000,0,High School,Skilled Manual,Yes,2,5-10 Miles,Americas,30,No,Lower
11817,Single,Female,70000,4,Graduate Degree,Professional,Yes,0,2-5 Miles,Americas,35,Yes,Middle
19223,Married,Female,30000,2,High School,Skilled Manual,Yes,2,1-2 Miles,Americas,48,No,Lower
18517,Married,Male,100000,3,Bachelors,Management,Yes,4,0-1 Miles,Americas,41,No,Upper
21717,Married,Male,40000,2,Partial College,Clerical,Yes,1,0-1 Miles,Americas,47,No,Lower
13760,Married,Male,60000,4,Graduate Degree,Skilled Manual,No,0,0-1 Miles,Americas,47,No,Middle
18145,Married,Male,80000,5,Bachelors,Management,No,2,2-5 Miles,Europe,62,No,Middle
21770,Married,Male,60000,4,Bachelors,Management,Yes,2,10+ Miles,Americas,60,No,Middle
11165,Married,Female,60000,0,Partial College,Skilled Manual,No,1,1-2 Miles,Americas,33,No,Middle
16377,Single,Female,80000,4,Graduate Degree,Skilled Manual,No,0,0-1 Miles,Americas,47,No,Middle
26248,Married,Male,20000,3,Partial High School,Clerical,No,2,0-1 Miles,Americas,52,No,Lower
23461,Married,Female,90000,5,Partial College,Professional,Yes,3,2-5 Miles,Americas,40,No,Middle
29133,Single,Female,60000,4,Bachelors,Skilled Manual,No,2,0-1 Miles,Americas,42,No,Middle
27673,Single,Female,60000,3,Graduate Degree,Management,Yes,2,5-10 Miles,Americas,53,Yes,Middle
12774,Married,Female,40000,1,Partial College,Clerical,Yes,1,1-2 Miles,Americas,51,Yes,Lower
18910,Single,Male,30000,0,Partial College,Skilled Manual,Yes,2,5-10 Miles,Americas,30,No,Lower
16725,Married,Male,30000,0,High School,Skilled Manual,Yes,2,5-10 Miles,Americas,26,No,Lower
28269,Single,Female,130000,1,Bachelors,Management,No,1,2-5 Miles,Americas,45,No,Upper
23144,Married,Male,50000,1,Bachelors,Skilled Manual,Yes,0,0-1 Miles,Americas,34,Yes,Middle
23376,Married,Male,70000,1,Bachelors,Professional,Yes,1,2-5 Miles,Americas,44,Yes,Middle
25970,Single,Female,60000,4,Bachelors,Skilled Manual,No,2,0-1 Miles,Americas,41,Yes,Middle
28068,Single,Female,80000,3,Graduate Degree,Professional,No,0,0-1 Miles,Americas,36,Yes,Middle
29112,Single,Male,60000,0,Partial College,Professional,No,2,1-2 Miles,Americas,30,No,Middle
14090,Married,Female,30000,0,Partial High School,Clerical,No,2,0-1 Miles,Americas,28,No,Lower
27040,Married,Male,20000,2,Partial High School,Clerical,Yes,2,1-2 Miles,Americas,49,No,Lower
23479,Single,Male,90000,0,Partial College,Professional,No,2,0-1 Miles,Americas,43,Yes,Middle
16795,Married,Female,70000,4,Bachelors,Management,Yes,1,1-2 Miles,Americas,59,No,Middle
22014,Single,Male,30000,0,High School,Skilled Manual,Yes,2,5-10 Miles,Americas,26,No,Lower
13314,Married,Male,120000,1,High School,Professional,Yes,4,5-10 Miles,Americas,46,Yes,Upper
11619,Single,Female,50000,0,Graduate Degree,Skilled Manual,Yes,0,1-2 Miles,Americas,33,No,Middle
29132,Single,Female,40000,0,Bachelors,Professional,Yes,1,2-5 Miles,Americas,42,Yes,Lower
11199,Married,Female,70000,4,Bachelors,Management,Yes,1,10+ Miles,Americas,59,No,Middle
20296,Single,Female,60000,0,Partial College,Skilled Manual,No,1,1-2 Miles,Americas,33,Yes,Middle
17546,Married,Female,70000,1,Partial College,Skilled Manual,Yes,1,0-1 Miles,Americas,44,Yes,Middle
18069,Married,Male,70000,5,Bachelors,Management,Yes,4,10+ Miles,Americas,60,No,Middle
23712,Single,Female,70000,2,Bachelors,Management,Yes,1,10+ Miles,Americas,59,No,Middle
23358,Married,Male,60000,0,High School,Professional,Yes,2,5-10 Miles,Americas,32,Yes,Middle
20518,Married,Female,70000,2,Partial College,Professional,Yes,1,10+ Miles,Americas,58,No,Middle
28026,Married,Female,40000,2,High School,Professional,No,2,2-5 Miles,Americas,59,No,Lower
11669,Single,Female,70000,2,Bachelors,Skilled Manual,Yes,1,2-5 Miles,Americas,38,No,Middle
16020,Married,Male,40000,0,High School,Skilled Manual,Yes,2,5-10 Miles,Americas,28,Yes,Lower
27090,Married,Female,60000,1,Graduate Degree,Professional,Yes,0,2-5 Miles,Americas,37,Yes,Middle
27198,Single,Female,80000,0,Graduate Degree,Skilled Manual,No,0,0-1 Miles,Americas,40,No,Middle
19661,Single,Male,90000,4,Bachelors,Management,Yes,1,1-2 Miles,Americas,38,Yes,Middle
26327,Married,Male,70000,4,Graduate Degree,Professional,Yes,0,2-5 Miles,Americas,36,Yes,Middle
26341,Married,Female,70000,5,Graduate Degree,Professional,Yes,2,0-1 Miles,Americas,37,No,Middle
24958,Single,Female,40000,5,High School,Professional,No,3,2-5 Miles,Americas,60,Yes,Lower
13287,Single,Male,110000,4,Bachelors,Management,Yes,4,5-10 Miles,Americas,42,Yes,Upper
14493,Single,Female,70000,3,Graduate Degree,Management,No,2,1-2 Miles,Americas,53,No,Middle
26678,Single,Female,80000,2,Partial High School,Skilled Manual,Yes,2,5-10 Miles,Americas,49,No,Middle
23275,Married,Male,30000,2,High School,Skilled Manual,Yes,2,1-2 Miles,Americas,49,No,Lower
11270,Married,Male,130000,2,Graduate Degree,Management,Yes,3,0-1 Miles,Americas,42,Yes,Upper
20084,Married,Male,20000,2,High School,Manual,No,2,0-1 Miles,Americas,53,No,Lower
16144,Married,Male,70000,1,Graduate Degree,Professional,Yes,1,0-1 Miles,Americas,46,Yes,Middle
27731,Married,Male,40000,0,High School,Skilled Manual,Yes,2,5-10 Miles,Americas,27,No,Lower
11886,Married,Female,60000,3,Bachelors,Professional,Yes,1,0-1 Miles,Americas,48,Yes,Middle
24324,Single,Female,60000,4,Bachelors,Skilled Manual,Yes,2,2-5 Miles,Americas,41,Yes,Middle
22220,Married,Male,60000,2,High School,Professional,No,2,1-2 Miles,Americas,49,Yes,Middle
26625,Single,Female,60000,0,Graduate Degree,Professional,Yes,1,2-5 Miles,Americas,38,Yes,Middle
23027,Single,Male,130000,1,Bachelors,Management,No,4,0-1 Miles,Americas,44,No,Upper
16867,Single,Female,130000,1,Bachelors,Management,No,3,0-1 Miles,Americas,45,Yes,Upper
14514,Single,Female,30000,0,Partial College,Skilled Manual,Yes,1,5-10 Miles,Americas,26,No,Lower
19634,Married,Male,40000,0,High School,Skilled Manual,Yes,1,5-10 Miles,Americas,31,No,Lower
18504,Married,Male,70000,2,Partial High School,Skilled Manual,No,2,1-2 Miles,Americas,49,No,Middle
28799,Single,Female,40000,2,Partial College,Clerical,No,1,1-2 Miles,Americas,47,Yes,Lower
11225,Married,Female,60000,2,Partial College,Professional,Yes,1,10+ Miles,Americas,55,No,Middle
17657,Married,Male,40000,4,Partial College,Clerical,No,0,0-1 Miles,Americas,30,No,Lower
14913,Married,Female,40000,1,Partial College,Clerical,Yes,1,1-2 Miles,Americas,48,Yes,Lower
14077,Single,Male,30000,0,High School,Skilled Manual,Yes,2,5-10 Miles,Americas,30,No,Lower
13296,Married,Male,110000,1,Bachelors,Management,Yes,3,5-10 Miles,Americas,45,No,Upper
20535,Married,Female,70000,4,Partial College,Professional,Yes,1,10+ Miles,Americas,56,No,Middle
12452,Married,Male,60000,4,Graduate Degree,Skilled Manual,Yes,0,1-2 Miles,Americas,47,Yes,Middle
28043,Married,Female,60000,2,Bachelors,Management,Yes,0,10+ Miles,Americas,56,No,Middle
12957,Single,Female,70000,1,Bachelors,Professional,No,1,0-1 Miles,Americas,44,No,Middle
15412,Married,Male,130000,2,Graduate Degree,Management,Yes,3,2-5 Miles,Americas,69,No,Upper
20514,Married,Female,70000,2,Partial College,Professional,Yes,1,2-5 Miles,Americas,59,No,Middle
20758,Married,Male,30000,2,High School,Skilled Manual,Yes,2,1-2 Miles,Americas,50,No,Lower
11801,Married,Male,60000,1,Graduate Degree,Professional,Yes,0,2-5 Miles,Americas,36,No,Middle
22211,Married,Male,60000,0,Partial College,Professional,Yes,2,5-10 Miles,Americas,32,No,Middle
28087,Single,Female,40000,0,Partial College,Skilled Manual,No,1,1-2 Miles,Americas,27,No,Lower
23668,Married,Female,40000,4,High School,Professional,Yes,2,5-10 Miles,Americas,59,Yes,Lower
27441,Married,Male,60000,3,High School,Professional,No,2,2-5 Miles,Americas,53,No,Middle
27261,Married,Male,40000,1,Bachelors,Skilled Manual,No,1,0-1 Miles,Americas,36,Yes,Lower
18649,Single,Male,30000,1,High School,Clerical,Yes,2,1-2 Miles,Americas,51,Yes,Lower
21714,Single,Female,80000,5,Graduate Degree,Skilled Manual,No,0,0-1 Miles,Americas,47,No,Middle
23217,Single,Female,60000,3,Graduate Degree,Professional,Yes,0,2-5 Miles,Americas,43,Yes,Middle
23797,Single,Male,20000,3,Partial High School,Clerical,No,2,0-1 Miles,Americas,50,No,Lower
13216,Married,Female,60000,5,Bachelors,Management,Yes,3,10+ Miles,Americas,59,No,Middle
20657,Single,Male,50000,2,Bachelors,Skilled Manual,Yes,0,2-5 Miles,Americas,37,Yes,Middle
12882,Married,Male,50000,1,Graduate Degree,Skilled Manual,Yes,0,0-1 Miles,Americas,33,Yes,Middle
25908,Married,Female,60000,0,Partial College,Skilled Manual,No,1,1-2 Miles,Americas,27,No,Middle
16753,Single,Female,70000,0,Partial College,Skilled Manual,Yes,2,5-10 Miles,Americas,34,Yes,Middle
14608,Married,Male,50000,4,Bachelors,Skilled Manual,Yes,3,10+ Miles,Americas,42,No,Middle
24979,Married,Female,60000,2,Partial College,Professional,Yes,2,2-5 Miles,Americas,57,Yes,Middle
13313,Married,Female,120000,1,High School,Professional,No,4,2-5 Miles,Americas,45,No,Upper
18952,Married,Female,100000,4,Bachelors,Management,Yes,4,0-1 Miles,Americas,40,No,Upper
14657,Married,Male,80000,1,Partial College,Skilled Manual,No,1,0-1 Miles,Americas,47,Yes,Middle
11540,Single,Male,60000,4,Graduate Degree,Skilled Manual,Yes,0,1-2 Miles,Americas,47,Yes,Middle
11783,Married,Female,60000,1,Graduate Degree,Skilled Manual,Yes,0,0-1 Miles,Americas,34,No,Middle
14602,Married,Female,80000,3,Graduate Degree,Professional,Yes,0,0-1 Miles,Americas,36,Yes,Middle
29030,Married,Male,70000,2,Partial High School,Skilled Manual,Yes,2,10+ Miles,Americas,54,No,Middle
26490,Single,Male,70000,2,Bachelors,Management,No,1,2-5 Miles,Americas,59,Yes,Middle
13151,Single,Male,40000,0,High School,Skilled Manual,Yes,2,5-10 Miles,Americas,27,No,Lower
17260,Married,Male,90000,5,Partial College,Professional,Yes,3,0-1 Miles,Americas,41,No,Middle
15372,Married,Male,80000,3,Partial College,Professional,No,2,2-5 Miles,Americas,50,Yes,Middle
18105,Married,Female,60000,2,Partial College,Professional,Yes,1,10+ Miles,Americas,55,No,Middle
19660,Married,Male,80000,4,Bachelors,Management,Yes,0,0-1 Miles,Americas,43,No,Middle
16112,Single,Male,70000,4,Bachelors,Professional,Yes,2,2-5 Miles,Americas,43,Yes,Middle
20698,Married,Male,60000,4,Bachelors,Skilled Manual,Yes,3,5-10 Miles,Americas,42,No,Middle
20076,Single,Female,10000,2,High School,Manual,Yes,2,1-2 Miles,Americas,53,Yes,Lower
24496,Single,Female,40000,0,High School,Skilled Manual,No,2,0-1 Miles,Americas,28,Yes,Lower
15468,Married,Female,50000,1,Bachelors,Skilled Manual,Yes,1,0-1 Miles,Americas,35,No,Middle
28031,Single,Female,70000,2,Bachelors,Management,No,1,2-5 Miles,Americas,59,Yes,Middle
26270,Single,Female,20000,2,Partial High School,Clerical,Yes,2,1-2 Miles,Americas,49,No,Lower
22221,Married,Male,60000,2,High School,Professional,No,2,1-2 Miles,Americas,48,Yes,Middle
28228,Single,Female,80000,2,Partial High School,Skilled Manual,No,2,1-2 Miles,Americas,50,No,Middle
18363,Married,Male,40000,0,High School,Skilled Manual,Yes,2,5-10 Miles,Americas,28,Yes,Lower
23256,Single,Male,30000,1,High School,Clerical,No,1,5-10 Miles,Americas,52,No,Lower
12768,Married,Male,30000,1,High School,Clerical,Yes,1,2-5 Miles,Americas,52,Yes,Lower
20361,Married,Male,50000,2,Graduate Degree,Management,Yes,2,5-10 Miles,Americas,69,No,Middle
21306,Single,Male,60000,2,High School,Professional,Yes,2,5-10 Miles,Americas,51,No,Middle
13382,Married,Male,70000,5,Partial College,Professional,Yes,2,1-2 Miles,Americas,57,Yes,Middle
20310,Single,Male,60000,0,Partial College,Skilled Manual,Yes,1,5-10 Miles,Americas,27,Yes,Middle
22971,Single,Female,30000,0,High School,Skilled Manual,No,2,0-1 Miles,Americas,25,Yes,Lower
15287,Single,Female,50000,1,Graduate Degree,Skilled Manual,Yes,0,1-2 Miles,Americas,33,Yes,Middle
15532,Single,Male,60000,4,Bachelors,Professional,Yes,2,2-5 Miles,Americas,43,Yes,Middle
11255,Married,Male,70000,4,Graduate Degree,Management,Yes,2,5-10 Miles,Americas,73,No,Middle
28090,Married,Male,40000,0,Partial College,Skilled Manual,Yes,1,5-10 Miles,Americas,27,No,Lower
15255,Married,Male,40000,0,High School,Skilled Manual,Yes,2,5-10 Miles,Americas,28,Yes,Lower
13154,Married,Male,40000,0,High School,Skilled Manual,No,2,0-1 Miles,Americas,27,Yes,Lower
23248,Married,Female,10000,2,High School,Manual,Yes,2,1-2 Miles,Americas,53,No,Lower
21417,Single,Female,60000,0,Partial College,Professional,No,2,1-2 Miles,Americas,32,Yes,Middle
17668,Single,Male,30000,2,High School,Skilled Manual,Yes,2,1-2 Miles,Americas,50,Yes,Lower
27994,Married,Female,40000,4,High School,Professional,Yes,2,5-10 Miles,Americas,69,No,Lower
20376,Single,Female,70000,3,Graduate Degree,Management,Yes,2,5-10 Miles,Americas,52,Yes,Middle
25954,Married,Male,60000,0,Partial College,Skilled Manual,No,2,1-2 Miles,Americas,31,No,Middle
15749,Single,Female,70000,4,Bachelors,Management,Yes,2,10+ Miles,Americas,61,No,Middle
25899,Married,Female,70000,2,High School,Professional,Yes,2,10+ Miles,Americas,53,No,Middle
13351,Single,Female,70000,4,Bachelors,Management,Yes,2,1-2 Miles,Americas,62,Yes,Middle
23333,Married,Male,40000,0,Partial College,Skilled Manual,No,2,1-2 Miles,Americas,30,No,Lower
21660,Married,Female,60000,3,Graduate Degree,Professional,Yes,0,2-5 Miles,Americas,43,Yes,Middle
17012,Married,Female,60000,3,Graduate Degree,Professional,Yes,0,2-5 Miles,Americas,42,Yes,Middle
24514,Married,Male,40000,0,Partial College,Skilled Manual,Yes,1,5-10 Miles,Americas,30,No,Lower
27505,Single,Female,40000,0,High School,Skilled Manual,Yes,2,5-10 Miles,Americas,30,No,Lower
29243,Single,Male,110000,1,Bachelors,Management,Yes,1,5-10 Miles,Americas,43,No,Upper
26582,Married,Male,60000,0,Partial College,Skilled Manual,Yes,2,5-10 Miles,Americas,33,Yes,Middle
14271,Married,Male,30000,0,High School,Skilled Manual,Yes,2,5-10 Miles,Americas,32,No,Lower
23041,Single,Female,70000,4,High School,Professional,Yes,0,5-10 Miles,Americas,50,Yes,Middle
29048,Single,Male,110000,2,Bachelors,Management,No,3,0-1 Miles,Americas,37,Yes,Upper
24433,Married,Male,70000,3,High School,Professional,No,1,1-2 Miles,Americas,52,Yes,Middle
15501,Married,Male,70000,4,Graduate Degree,Professional,Yes,0,2-5 Miles,Americas,36,Yes,Middle
13911,Single,Female,80000,3,Bachelors,Skilled Manual,Yes,2,2-5 Miles,Americas,41,Yes,Middle
20421,Single,Female,40000,0,Partial High School,Clerical,Yes,2,5-10 Miles,Americas,26,No,Lower
16009,Single,Male,170000,1,Graduate Degree,Management,No,4,0-1 Miles,Americas,66,No,Upper
18411,Married,Male,60000,2,High School,Professional,No,2,5-10 Miles,Americas,51,No,Middle
19163,Married,Female,70000,4,Bachelors,Professional,Yes,2,0-1 Miles,Americas,43,Yes,Middle
18572,Married,Female,60000,0,Graduate Degree,Professional,Yes,0,0-1 Miles,Americas,39,No,Middle
27540,Single,Female,70000,0,Bachelors,Professional,No,1,0-1 Miles,Americas,37,Yes,Middle
19889,Single,Female,70000,2,Partial High School,Skilled Manual,No,2,2-5 Miles,Americas,54,Yes,Middle
12922,Single,Female,60000,3,Bachelors,Skilled Manual,Yes,0,2-5 Miles,Americas,40,Yes,Middle
18891,Married,Female,40000,0,Partial College,Skilled Manual,Yes,2,5-10 Miles,Americas,28,No,Lower
16773,Married,Male,60000,1,Graduate Degree,Skilled Manual,Yes,0,0-1 Miles,Americas,33,No,Middle
19143,Single,Female,80000,3,Bachelors,Skilled Manual,Yes,2,2-5 Miles,Americas,41,Yes,Middle
23882,Single,Female,80000,3,Graduate Degree,Professional,Yes,0,0-1 Miles,Americas,37,Yes,Middle
11233,Married,Male,70000,4,Partial College,Professional,Yes,2,10+ Miles,Americas,53,No,Middle
12056,Married,Male,120000,2,Graduate Degree,Management,Yes,3,5-10 Miles,Americas,64,No,Upper
15555,Married,Female,60000,1,Partial College,Skilled Manual,Yes,1,2-5 Miles,Americas,45,Yes,Middle
18423,Single,Male,80000,2,Partial High School,Skilled Manual,No,2,1-2 Miles,Americas,52,No,Middle
22743,Married,Female,40000,5,High School,Professional,Yes,2,10+ Miles,Americas,60,No,Lower
25343,Single,Female,20000,3,Partial High School,Clerical,Yes,2,1-2 Miles,Americas,50,No,Lower
13390,Married,Female,70000,4,Partial College,Professional,No,1,1-2 Miles,Americas,56,No,Middle
17482,Single,Female,40000,0,Partial High School,Clerical,Yes,2,5-10 Miles,Americas,29,No,Lower
13176,Single,Male,130000,0,Graduate Degree,Management,No,2,0-1 Miles,Americas,38,Yes,Upper
20504,Married,Female,40000,5,High School,Professional,No,2,2-5 Miles,Americas,60,No,Lower
12205,Single,Female,130000,2,Bachelors,Management,No,4,0-1 Miles,Americas,67,No,Upper
16751,Married,Male,60000,0,Partial College,Skilled Manual,Yes,1,5-10 Miles,Americas,32,Yes,Middle
21613,Single,Male,50000,2,Bachelors,Skilled Manual,No,1,0-1 Miles,Americas,39,Yes,Middle
24801,Single,Male,60000,1,Graduate Degree,Professional,Yes,0,2-5 Miles,Americas,35,Yes,Middle
17519,Married,Female,60000,0,Partial College,Professional,Yes,2,5-10 Miles,Americas,32,No,Middle
18347,Single,Female,30000,0,Partial College,Skilled Manual,No,1,1-2 Miles,Americas,31,No,Lower
29052,Single,Male,40000,0,Partial College,Skilled Manual,Yes,1,5-10 Miles,Americas,27,No,Lower
11745,Married,Female,60000,1,Bachelors,Professional,Yes,1,0-1 Miles,Americas,47,Yes,Middle
19147,Married,Male,40000,0,Bachelors,Professional,No,1,0-1 Miles,Americas,42,No,Lower
19217,Married,Male,30000,2,High School,Skilled Manual,Yes,2,1-2 Miles,Americas,49,No,Lower
15839,Single,Male,30000,0,Partial College,Skilled Manual,Yes,1,5-10 Miles,Americas,32,No,Lower
13714,Married,Female,20000,2,High School,Manual,No,2,1-2 Miles,Americas,53,Yes,Lower
22330,Married,Male,50000,0,Graduate Degree,Skilled Manual,Yes,0,1-2 Miles,Americas,32,Yes,Middle
18783,Single,Male,80000,0,Bachelors,Management,No,1,0-1 Miles,Americas,38,Yes,Middle
25041,Single,Male,40000,0,High School,Skilled Manual,Yes,2,5-10 Miles,Americas,31,No,Lower
22046,Single,Female,80000,0,Bachelors,Management,No,1,0-1 Miles,Americas,38,Yes,Middle
28052,Married,Male,60000,2,High School,Professional,Yes,2,10+ Miles,Americas,55,No,Middle
24955,Single,Male,30000,5,Partial High School,Skilled Manual,Yes,3,10+ Miles,Americas,60,Yes,Lower
26065,Single,Female,110000,3,Bachelors,Management,No,4,1-2 Miles,Americas,42,No,Upper
13942,Married,Male,60000,1,Partial College,Skilled Manual,Yes,1,0-1 Miles,Americas,46,No,Middle
11219,Married,Male,60000,2,High School,Professional,Yes,2,10+ Miles,Americas,55,No,Middle
22118,Single,Female,70000,3,Graduate Degree,Management,Yes,2,5-10 Miles,Americas,53,Yes,Middle
23197,Married,Male,50000,3,Bachelors,Skilled Manual,Yes,2,2-5 Miles,Americas,40,No,Middle
14883,Married,Female,30000,1,Bachelors,Skilled Manual,Yes,1,5-10 Miles,Americas,53,Yes,Lower
27279,Single,Female,70000,2,Bachelors,Skilled Manual,Yes,0,2-5 Miles,Americas,38,Yes,Middle
18322,Single,Male,30000,0,Partial High School,Clerical,No,2,0-1 Miles,Americas,26,No,Lower
15879,Married,Male,70000,5,Bachelors,Management,Yes,2,2-5 Miles,Americas,61,No,Middle
28278,Married,Male,50000,2,Graduate Degree,Management,Yes,2,5-10 Miles,Americas,71,No,Middle
24416,Married,Male,90000,4,High School,Professional,Yes,2,1-2 Miles,Americas,45,No,Middle
28066,Married,Male,80000,2,Graduate Degree,Professional,Yes,0,0-1 Miles,Americas,37,Yes,Middle
11275,Married,Female,80000,4,Graduate Degree,Management,Yes,2,0-1 Miles,Americas,72,Yes,Middle
14872,Married,Male,30000,0,Graduate Degree,Skilled Manual,Yes,0,0-1 Miles,Americas,32,No,Lower
16151,Married,Female,60000,1,Bachelors,Professional,Yes,1,2-5 Miles,Americas,48,Yes,Middle
19731,Married,Male,80000,4,Graduate Degree,Management,Yes,2,5-10 Miles,Americas,68,No,Middle
23801,Married,Female,20000,2,Partial High School,Clerical,Yes,2,0-1 Miles,Americas,49,No,Lower
11807,Married,Male,70000,3,Graduate Degree,Professional,Yes,0,2-5 Miles,Americas,34,No,Middle
11622,Married,Male,50000,0,Graduate Degree,Skilled Manual,Yes,0,0-1 Miles,Americas,32,No,Middle
26597,Single,Female,60000,4,Bachelors,Skilled Manual,No,2,0-1 Miles,Americas,42,No,Middle
27074,Married,Female,70000,1,Graduate Degree,Skilled Manual,Yes,0,0-1 Miles,Americas,35,Yes,Middle
19228,Married,Female,40000,2,Partial College,Clerical,Yes,1,0-1 Miles,Americas,48,No,Lower
13415,Single,Male,100000,1,Graduate Degree,Management,Yes,3,2-5 Miles,Americas,73,Yes,Upper
17000,Single,Female,70000,4,Bachelors,Skilled Manual,Yes,2,2-5 Miles,Americas,43,Yes,Middle
14569,Married,Male,60000,1,Graduate Degree,Professional,Yes,0,0-1 Miles,Americas,35,No,Middle
13873,Married,Male,70000,3,Graduate Degree,Professional,Yes,0,0-1 Miles,Americas,35,Yes,Middle
20401,Married,Female,50000,4,Bachelors,Management,Yes,2,1-2 Miles,Americas,64,Yes,Middle
21583,Married,Female,50000,1,Bachelors,Skilled Manual,Yes,0,0-1 Miles,Americas,34,Yes,Middle
12029,Married,Male,30000,0,Partial High School,Clerical,No,2,0-1 Miles,Americas,28,No,Lower
18066,Single,Male,70000,5,Bachelors,Management,Yes,3,10+ Miles,Americas,60,Yes,Middle
28192,Married,Female,70000,5,Graduate Degree,Professional,Yes,3,10+ Miles,Americas,46,No,Middle
16122,Married,Male,40000,4,High School,Skilled Manual,Yes,2,0-1 Miles,Americas,44,Yes,Lower
18607,Single,Female,60000,4,Bachelors,Skilled Manual,Yes,2,2-5 Miles,Americas,42,Yes,Middle
28858,Single,Male,80000,3,Bachelors,Skilled Manual,Yes,0,2-5 Miles,Americas,40,No,Middle
14432,Single,Male,90000,4,Graduate Degree,Management,Yes,1,5-10 Miles,Americas,73,No,Middle
26305,Single,Female,60000,2,Bachelors,Skilled Manual,No,0,0-1 Miles,Americas,36,Yes,Middle
22050,Single,Male,90000,4,Bachelors,Management,Yes,1,1-2 Miles,Americas,38,Yes,Middle
25394,Married,Male,60000,1,Graduate Degree,Professional,Yes,0,2-5 Miles,Americas,34,Yes,Middle
19747,Married,Male,50000,4,Bachelors,Management,Yes,2,10+ Miles,Americas,63,No,Middle
21695,Married,Male,60000,0,Graduate Degree,Skilled Manual,Yes,0,1-2 Miles,Americas,39,Yes,Middle
13934,Married,Male,40000,4,High School,Skilled Manual,Yes,2,2-5 Miles,Americas,46,No,Lower
13337,Married,Female,80000,5,Bachelors,Management,Yes,2,5-10 Miles,Americas,64,No,Middle
27190,Married,Female,40000,3,Partial College,Clerical,Yes,1,1-2 Miles,Americas,32,No,Lower
28657,Single,Male,60000,2,Bachelors,Skilled Manual,Yes,0,2-5 Miles,Americas,36,Yes,Middle
21713,Single,Male,80000,5,Graduate Degree,Skilled Manual,No,0,0-1 Miles,Americas,47,No,Middle
21752,Married,Male,60000,3,Graduate Degree,Management,Yes,2,10+ Miles,Americas,64,No,Middle
27273,Single,Male,70000,3,Graduate Degree,Professional,No,0,0-1 Miles,Americas,35,Yes,Middle
22719,Single,Male,110000,3,Bachelors,Management,Yes,4,2-5 Miles,Americas,40,Yes,Upper
22042,Married,Female,70000,0,Partial College,Skilled Manual,Yes,2,5-10 Miles,Americas,34,Yes,Middle
21451,Married,Female,40000,4,High School,Professional,Yes,2,10+ Miles,Americas,61,No,Lower
20754,Married,Male,30000,2,High School,Skilled Manual,Yes,2,1-2 Miles,Americas,51,No,Lower
12153,Single,Female,70000,3,Partial College,Professional,Yes,1,5-10 Miles,Americas,49,Yes,Middle
16895,Married,Female,40000,3,Partial College,Professional,No,2,1-2 Miles,Americas,54,Yes,Lower
26728,Single,Male,70000,3,Graduate Degree,Management,No,2,1-2 Miles,Americas,53,Yes,Middle
11090,Single,Male,90000,2,Partial College,Professional,Yes,1,2-5 Miles,Americas,48,Yes,Middle
15862,Single,Female,50000,0,Graduate Degree,Skilled Manual,Yes,0,1-2 Miles,Americas,33,Yes,Middle
26495,Single,Female,40000,2,High School,Professional,Yes,2,10+ Miles,Americas,57,No,Lower
11823,Married,Female,70000,0,Graduate Degree,Professional,Yes,0,2-5 Miles,Americas,39,No,Middle
23449,Married,Male,60000,2,High School,Professional,Yes,2,5-10 Miles,Americas,48,No,Middle
23459,Married,Male,60000,2,High School,Professional,Yes,2,5-10 Miles,Americas,50,No,Middle
19543,Married,Male,70000,5,Graduate Degree,Professional,No,3,10+ Miles,Americas,47,No,Middle
14914,Married,Female,40000,1,Partial College,Clerical,Yes,1,1-2 Miles,Americas,49,Yes,Lower
12033,Single,Female,40000,0,High School,Skilled Manual,No,2,0-1 Miles,Americas,27,Yes,Lower
14389,Married,Male,60000,2,Bachelors,Management,Yes,0,2-5 Miles,Americas,59,No,Middle
18050,Married,Female,60000,1,Partial College,Skilled Manual,Yes,1,0-1 Miles,Americas,45,Yes,Middle
19856,Married,Female,60000,4,Bachelors,Management,Yes,2,2-5 Miles,Americas,60,No,Middle
11663,Married,Male,70000,4,Graduate Degree,Professional,Yes,0,0-1 Miles,Americas,36,Yes,Middle
27740,Married,Female,40000,0,High School,Skilled Manual,Yes,2,5-10 Miles,Americas,27,No,Lower
23455,Single,Male,80000,2,Partial High School,Skilled Manual,No,2,1-2 Miles,Americas,50,No,Middle
15292,Single,Female,60000,1,Graduate Degree,Skilled Manual,Yes,0,1-2 Miles,Americas,35,No,Middle
21587,Married,Female,60000,1,Graduate Degree,Skilled Manual,Yes,0,2-5 Miles,Americas,34,Yes,Middle
23513,Married,Female,40000,3,Partial College,Professional,Yes,2,5-10 Miles,Americas,54,No,Lower
26298,Married,Female,50000,1,Bachelors,Skilled Manual,Yes,0,2-5 Miles,Americas,34,Yes,Middle
25419,Single,Male,50000,2,Bachelors,Skilled Manual,No,1,0-1 Miles,Americas,38,Yes,Middle
13343,Married,Female,90000,5,Bachelors,Management,Yes,2,1-2 Miles,Americas,63,Yes,Middle
11303,Single,Female,90000,4,High School,Professional,No,3,1-2 Miles,Americas,45,Yes,Middle
21693,Single,Female,60000,0,Graduate Degree,Skilled Manual,No,0,0-1 Miles,Americas,40,No,Middle
28056,Married,Male,70000,2,Partial High School,Skilled Manual,Yes,2,10+ Miles,Americas,53,No,Middle
11788,Single,Female,70000,1,Graduate Degree,Professional,Yes,0,2-5 Miles,Americas,34,No,Middle
15319,Married,Female,70000,4,Bachelors,Management,No,1,1-2 Miles,Americas,59,No,Middle
17654,Single,Female,40000,3,Partial College,Clerical,Yes,1,1-2 Miles,Americas,30,Yes,Lower
14662,Married,Male,60000,1,Bachelors,Professional,Yes,1,0-1 Miles,Americas,48,Yes,Middle
17541,Married,Female,40000,4,High School,Skilled Manual,Yes,2,2-5 Miles,Americas,43,No,Lower
13886,Married,Female,70000,4,Graduate Degree,Professional,Yes,0,2-5 Miles,Americas,35,Yes,Middle
13073,Married,Female,60000,0,Partial College,Professional,Yes,2,5-10 Miles,Americas,30,No,Middle
21940,Married,Male,90000,5,Graduate Degree,Professional,Yes,0,0-1 Miles,Americas,47,Yes,Middle
20196,Married,Male,60000,1,Partial College,Skilled Manual,Yes,1,2-5 Miles,Americas,45,Yes,Middle
16651,Married,Female,120000,2,Bachelors,Management,Yes,3,5-10 Miles,Americas,62,No,Upper
16813,Married,Male,60000,2,Partial College,Professional,Yes,2,10+ Miles,Americas,55,No,Middle
16007,Married,Female,90000,5,Bachelors,Management,Yes,2,1-2 Miles,Americas,66,Yes,Middle
27434,Single,Male,70000,4,Partial College,Professional,Yes,1,10+ Miles,Americas,56,No,Middle
27756,Single,Female,50000,3,Bachelors,Skilled Manual,No,1,0-1 Miles,Americas,40,No,Middle
23818,Married,Female,50000,0,Graduate Degree,Skilled Manual,Yes,0,1-2 Miles,Americas,33,Yes,Middle
19012,Married,Male,80000,3,Bachelors,Management,Yes,1,1-2 Miles,Americas,56,No,Middle
18329,Single,Male,30000,0,Partial High School,Clerical,No,2,5-10 Miles,Americas,27,No,Lower
29037,Married,Male,60000,0,Graduate Degree,Professional,No,0,0-1 Miles,Americas,39,No,Middle
26576,Married,Female,60000,0,Partial College,Skilled Manual,Yes,2,5-10 Miles,Americas,31,No,Middle
12192,Single,Female,60000,2,Partial High School,Skilled Manual,No,2,1-2 Miles,Americas,51,No,Middle
14887,Married,Female,30000,1,High School,Clerical,Yes,1,5-10 Miles,Americas,52,No,Lower
17462,Married,Male,70000,3,Graduate Degree,Management,Yes,2,5-10 Miles,Americas,53,Yes,Middle
20659,Married,Male,70000,3,Graduate Degree,Professional,Yes,0,0-1 Miles,Americas,35,Yes,Middle
28004,Married,Female,60000,3,Bachelors,Management,Yes,2,10+ Miles,Americas,66,No,Middle
19741,Single,Female,80000,4,Graduate Degree,Management,Yes,2,5-10 Miles,Americas,65,No,Middle
17450,Married,Male,80000,5,Partial College,Professional,Yes,3,5-10 Miles,Americas,45,No,Middle
17337,Single,Male,40000,0,High School,Skilled Manual,Yes,1,5-10 Miles,Americas,31,No,Lower
18594,Single,Female,80000,3,Bachelors,Skilled Manual,Yes,3,10+ Miles,Americas,40,Yes,Middle
15982,Married,Male,110000,5,Partial College,Professional,Yes,4,2-5 Miles,Americas,46,No,Upper
28625,Single,Male,40000,2,Partial College,Clerical,No,1,1-2 Miles,Americas,47,Yes,Lower
11269,Married,Male,130000,2,Graduate Degree,Management,Yes,2,0-1 Miles,Americas,41,No,Upper
25148,Married,Male,60000,2,High School,Professional,No,2,1-2 Miles,Americas,48,Yes,Middle
13920,Single,Female,50000,4,Bachelors,Skilled Manual,Yes,2,0-1 Miles,Americas,42,No,Middle
28972,Single,Female,60000,3,Graduate Degree,Management,Yes,2,10+ Miles,Americas,66,No,Middle
22730,Married,Male,70000,5,Bachelors,Management,Yes,2,10+ Miles,Americas,63,No,Middle
29134,Married,Male,60000,4,Bachelors,Skilled Manual,No,3,10+ Miles,Americas,42,No,Middle
14332,Single,Female,30000,0,High School,Skilled Manual,No,2,5-10 Miles,Americas,26,No,Lower
19117,Single,Female,60000,1,Graduate Degree,Professional,Yes,0,2-5 Miles,Americas,36,Yes,Middle
22864,Married,Male,90000,2,Partial College,Professional,No,0,5-10 Miles,Americas,49,Yes,Middle
11292,Single,Male,150000,1,Partial College,Professional,No,3,0-1 Miles,Americas,44,Yes,Upper
13466,Married,Male,80000,5,Partial College,Professional,Yes,3,1-2 Miles,Americas,46,No,Middle
23731,Married,Male,60000,2,High School,Professional,Yes,2,2-5 Miles,Americas,54,Yes,Middle
28672,Single,Male,70000,4,Graduate Degree,Professional,Yes,0,2-5 Miles,Americas,35,Yes,Middle
19664,Single,Male,100000,3,Bachelors,Management,No,3,1-2 Miles,Americas,38,No,Upper
12121,Single,Male,60000,3,High School,Professional,Yes,2,10+ Miles,Americas,53,Yes,Middle
